카테고리,product,price,rate
라면,[농심] 신라면 120gx5입,3680,4.95
라면,[농심] 올리브 짜파게티 (140gx5입),3680,4.95
라면,오뚜기 진라면 매운맛 120g*5입,3100,4.96
라면,[농심] 안성탕면 5입 625g (125g5입),3280,4.94
라면,[농심] 육개장 사발면 (86gx6입),4490,4.95
라면,농심 얼큰한 너구리 (120gx5입),4080,4.95
라면,오뚜기 진라면 순한맛 120g(5입),3100,4.95
라면,농심 신라면 건면 5입,4380,4.91
라면,[오뚜기] 열라면 5입 (120g*5입),3100,4.95
라면,[오뚜기] 스낵면 540g (108g*5입),2950,4.93
라면,[삼양] 삼양라면 5입,3500,4.93
라면,오뚜기 육개장 큰컵 104g*6,3800,4.87
라면,[팔도 Paldo] 비빔면 5입,4200,4.94
라면,농심 사리면 110g*5입,1380,4.91
라면,[농심] 멸치 칼국수(98g5입) 490g,4080,4.91
라면,[농심] 신라면 컵 6입 390g (65g6입),4740,4.95
라면,[팔도 Paldo] 왕뚜껑 110g,1000,4.94
라면,농심 앵그리짜파구리 4입,4280,4.93
라면,No Brand [노브랜드] 라면 한 그릇 115gx5봉입,1980,4.84
라면,No Brand [노브랜드] 짜장라면 5개입,2280,4.85
라면,[농심] 튀김 우동 컵 (62g6입),4740,4.94
라면,[농심] 김치 사발면 (86gx6),4500,4.94
라면,[농심] 짜파게티 범벅 (70g6입),4500,4.95
라면,[농심] 튀김우동 큰사발 111g,1030,4.94
라면,[오뚜기] 컵누들(매콤한맛) 37g,1070,4.94
라면,팔도 틈새라면 빨계떡120g*5입,3400,4.93
라면,[농심] 오징어 짬뽕 5입 620g (124g5입),3680,4.92
라면,[농심] 사리곰탕면 (110gx5입),3880,4.92
라면,농심 신라면 볶음면 131g*4입,3380,4.73
라면,[농심] 순한 너구리120gx5입,4080,4.94
라면,농심 배홍동비빔면 4입,3480,4.89
라면,농심 사천짜파게티 4입,4080,4.94
라면,농심 무파마탕면 4입,4080,4.9
라면,[농심] 새우탕 컵면 (67g6입),4740,4.94
라면,오뚜기 참깨라면 용기 110g,1050,4.94
라면,삼양 까르보불닭볶음면 105g,1340,4.94
라면,오뚜기 컵누들 우동맛,1080,4.92
라면,오뚜기 진라면 소컵 순한맛(65gX6개),4500,4.94
라면,[농심] 사리곰탕 큰사발면 111g,1030,4.93
라면,농심 짜왕 (134g*4입),5300,4.94
라면,No Brand 노브랜드 쌀국수 얼큰한맛 92g,980,4.81
라면,농심 앵그리짜파구리 큰사발,1320,4.88
라면,[농심] 오징어 짬뽕 컵 67g,790,4.94
라면,[삼양]까르보불닭볶음면 520g(130gx4개입),5380,4.93
라면,농심 짜왕 건면119g*4,5700,4.9
라면,[농심]신라면 블랙 536g(4입),5480,4.89
라면,[오뚜기] 컵누들 매콤한맛 소컵 37.8g*6,6480,4.95
라면,[농심] 올리브 짜파게티 (140g*5입),3680,4.97
라면,[농심] 짜파게티 큰사발면 123g,1030,4.92
라면,[오뚜기] 스낵면 컵 62g,750,4.94
라면,오뚜기 진비빔면156g*4,3880,4.9
라면,[농심] 새우탕 컵면 67g,790,4.93
라면,컵누들 잔치쌀국수 컵 34.2g,1080,4.88
라면,농심 신라면120g*20입,14720,4.93
라면,[삼양] 맛있는 라면 (115g*5입),4480,4.93
라면,농심 생생우동용기276g*4입,7680,4.94
라면,[삼양] 불닭볶음면 (70g*6회) 420g,5520,4.95
라면,오뚜기 참깨라면 65gx6입,5400,4.96
라면,오뚜기 김치라면 4입 480g,2620,4.9
라면,풀무원 로스팅짜장 파기름라면 4인,4480,4.77
라면,[농심] 육개장 큰사발면 110g,1030,4.92
라면,No Brand 노브랜드마라탕면189.7g,1950,4.63
라면,[팔도] 짬뽕 왕뚜껑 110g,1000,4.91
라면,[오뚜기] 라면볶이 120g,950,4.92
라면,오뚜기 열라면 용기 105g,950,4.93
라면,[팔도 Paldo] 왕뚜껑 소컵(65g*6입) 390g,4350,4.91
라면,풀무원 자연은맛있다 홍면 4입,5450,4.82
라면,오뚜기 진라면 매운맛 용기 6입 (110gX6),5700,4.94
과자,PEACOCK (G)[피코크] 초콜릿 샌드위치 비스킷 135g,2980,4.91
과자,노티드(knotted)x쁘띠몽쉘마롱몽블랑204g,3360,4.84
과자,[크라운] 빅파이 딸기 324g,3840,4.94
과자,해태 사브레 252g,3580,4.93
과자,오리온 초코송이 36g*2번들,980,4.96
과자,크라운 국희땅콩샌드 372g(12입),3840,4.93
과자,PEACOCK 피코크 우리밀버터와플 288g,4980,4.92
과자,No Brand 노브랜드 감자칩 오리지날 110g,890,4.9
과자,[해태] 홈런볼초코 5번들 230g,5980,4.96
과자,PEACOCK (G)피코크 에그롤쿠키 125g,2580,4.5
과자,[오리온] 포카칩 오리지널 66g,1170,4.94
과자,[오리온] 초코파이 정 새로운시작 12팩 468g (39g*12팩),3830,4.95
과자,No Brand 노브랜드 고르곤졸라치즈 소프트콘 145g,1280,4.87
과자,삼립 탱글탱글젤리뽀10입 600g,4680,4.91
과자,PEACOCK [피코크] 스윗 & 솔트 팝콘 스낵 140g,1386,4.92
과자,PEACOCK (G)피코크 티타임비스킷 146g,2580,4.91
과자,No Brand 노브랜드 자색고구마칩 110g,980,4.87
과자,No Brand 노브랜드 감자칩 사워크림&어니언 110g,980,4.9
과자,오리온 썬 핫 스파이시 맛 135g,1980,4.95
과자,롯데 아몬드빼빼로132G,3840,4.95
과자,롯데 카스타드 2번들 552G(24입),6980,4.94
과자,농심 새우깡 블랙,1980,4.52
과자,몽쉘 크림케이크384g,3980,4.94
과자,[JAJU/자주]신세계인터내셔날 점보 달고나,3500,4.9
과자,농심 양파링 84g,1200,4.94
과자,크라운쵸코하임 18개입 284g,3280,4.96
과자,[롯데] 마가렛트오리지날396g,3950,4.94
과자,[농심] 매운새우깡 90g,990,4.95
과자,틱톡젤리 320g,2980,4.79
과자,해태 허니버터칩4번들 152g,2680,4.94
과자,크라운 쿠크다스케이크 154g,2980,4.93
과자,오리온 쫀득한 찹쌀떡먹은 참붕어빵 232g,4320,4.93
과자,[농심] 알새우칩 68g,1200,4.94
과자,[롯데] 빈츠 204g,3360,4.96
과자,[오리온] 왕고래밥 56g,980,4.95
과자,몽쉘 카카오케이크 384g,3980,4.93
과자,PEACOCK 피코크 씨솔트 카라멜 & 크림치즈 팝콘 120g,1386,4.88
과자,[크라운] 버터와플 316g,2880,4.95
과자,농심 오징어집 83g,1200,4.95
과자,농심 조청유과 96g,1200,4.94
과자,[오리온] 후레쉬 베리 12입 336g,5120,4.95
과자,[농심] 꿀꽈배기 90g,1200,4.94
과자,[농심] 새우깡 400g,3850,4.93
과자,오리온 only생감자팩 180g,3980,4.94
과자,[크라운] 참크래커 280g,3360,4.94
과자,서주 톡한입베어포도맛160g,2380,4.5
과자,No Brand 노브랜드 초코 웨이퍼롤 115g,980,4.91
과자,No Brand 노브랜드 카스타드,3180,4.92
과자,서주 톡한입베어복숭아맛160g,2380,4.54
과자,해태 에이스 364g,3980,4.96
과자,No Brand 노브랜드 버터쿠키 400g,2980,4.88
과자,오리온 꼬북칩 초코츄러스맛 160g,2380,4.9
과자,No Brand 노브랜드 초코파이 420g,1880,4.93
과자,롯데 돼지바x찰떡파이210g,3360,4.86
과자,해태 에이스스페셜모카블렌드364g,3980,4.84
과자,[농심] 닭다리 후라이드치킨맛 66g,1180,4.94
과자,[롯데] 칸쵸 196g,1980,4.95
과자,No Brand 노브랜드 고구마형과자 200g,980,4.91
과자,[롯데] 칙촉 180g,2980,4.94
과자,[농심] 쌀새우깡 80g,1020,4.92
과자,[이마트가 수입한][로얄단스크] 데니쉬 버터 쿠키 908g,10800,4.83
과자,No Brand 노브랜드 인절미스낵 130g,1380,4.86
과자,No Brand 노브랜드 바삭한 갈릭새우칩 140g,1680,4.9
과자,오리온 감자패밀리팩 180g,3980,4.95
과자,오리온 예감 볶은양파 204g,2880,4.96
과자,오리온 오뜨쇼콜라 300g,3580,4.94
과자,PEACOCK [피코크] 초코프레첼 80g,1980,4.91
과자,[농심] 칩포테토 오리지날 125g,2300,4.93
과자,[농심] 수미칩 오리지널 85g,1900,4.92
과자,농심 바나나킥 140g,2150,4.95
커피,(쓱배송)  [맥심] 모카골드 마일드 커피믹스 250입,28400,4.95
커피,맥심 (쓱배송)  [맥심] 화이트골드 커피믹스 250입,28400,4.96
커피,맥심  카누 마일드 로스트 아메리카노 미니 100입,19000,4.95
커피,[매일] 마이 카페라떼 220ml*6입 기획 (기획랜덤구성),5980,4.94
커피,(쓱배송)  [맥심] 카누 마일드 로스트 아메리카노 미니 150입,26980,4.97
커피,No Brand 노브랜드 콜롬비아 아메리카노 블랙 2.1L,2980,4.93
커피,맥심 슈프림골드 커피믹스 20입,3980,4.78
커피,[매일] 바리스타룰스 에스프레소 라떼 250ml,1750,4.94
커피,[스타벅스] 카페 라떼 200ml,1900,4.94
커피,[매일] 바리스타룰스 로-슈거 에스프레소 라떼 250ml,1750,4.95
커피,PEACOCK 피코크 콜롬비아 안티오키아 수프리모 1kg (홀빈),14900,4.81
커피,[매일] 바리스타룰스 모카프레소 250ml,1750,4.93
커피,맥심 카누  마일드 미니 27g (0.9g*30입),5980,4.95
커피,[맥심] 모카골드 마일드 커피믹스 (12g*100입),13900,4.93
커피,동서식품(주) [맥심]카누 미니 다크 로스트 아메리카노 100입,19000,4.94
커피,PEACOCK 피코크 브라질 세라도 엔와이투 200g (분쇄),4480,4.85
커피,칸타타 프리미엄라떼 390ml,2180,4.91
커피,동서식품(주) [맥심]카누  디카페인 아메리카노 미니 100입,20900,4.95
커피,칸타타 콘트라베이스 블랙 500ml,1980,4.91
커피,동서식품(주) 카누 돌체라떼 415.2g(24입),10230,4.9
커피,[서울우유] 스페셜티 카페라떼 아포가토 250ml,1000,4.89
커피,[맥심] TOP 마일드 에스프레소 라떼 300ml,1980,4.9
커피,동서식품(주) [맥심]카누 디카페인 미니 아메리카노 30입,6160,4.92
커피,[맥심] TOP 볼드 에스프레소 라떼 300ml,1980,4.9
커피,[서울우유] 스페셜티 카페라떼 모카 250ml,1000,4.92
커피,[매일] 바리스타룰스 마다가스카르 바닐라빈라떼 325ml,2250,4.9
커피,[빙그레] 아카페라 카페라떼 240ml,1100,4.92
커피,PEACOCK [피코크] 콜드브루아메리카노(390ml×6),7680,4.86
커피,동서식품(주) 카누 바닐라라떼 24입,10230,4.91
커피,[매일]바리스타룰스 블랙 만델링 1L,4900,4.89
커피,[맥심] 모카골드 마일드 커피믹스 (12g*20입),3170,4.93
커피,동서식품(주) [맥심] 모카골드 마일드 커피믹스 180입 (12g*180입) (+20입 or 사은품 랜덤 증정),24650,4.91
커피,[빙그레] 아카페라 바닐라 라떼 240ml,1100,4.91
커피,[빙그레] 아카페라 마끼아또 240ml,1100,4.9
커피,레쓰비마일드175ml*12입,3980,4.93
커피,No Brand 노브랜드 콜드브루 아메리카노 500m,1880,4.79
커피,No Brand [노브랜드] 카라멜 마끼아또 300ml,1280,4.88
커피,[한국야쿠르트] 콜드브루 액상스틱 72ml(12ml*6개입),3000,4.89
커피,맥심  화이트골드 커피믹스 (11.7g*20) 234g,3260,4.93
커피,네스카페 돌체구스토,7880,4.96
커피,네스카페 돌체구스토 캡슐 룽고 디카페인 112g,2200,4.84
커피,빙)스페셜티 에티오피아 예가체프 460ml,9900,4.86
커피,핸디엄 콜드브루커피 케냐 500ml,8980,4.91
커피,일리 클래식로스트 디카페인 미니 1g*30개,1980,4.82
커피,칸타타 콘트라베이스 라떼 500ml,5540,4.92
커피,동서식품(주) [맥심] 모카골드 마일드 리필 170g,15480,4.95
커피,맥심카누 다크로스트 아메리카노60입,7700,4.93
커피,[스타벅스]  네스프레소 하우스 블렌드,37980,4.97
커피,동서식품(주) 카누 디카페인라떼 30입,11500,4.83
커피,일리 클래식로스트 미니 1g*30개,8980,4.9
커피,네스카페 돌체구스토 캡슐 룽고 30입,15900,4.97
커피,동서식품(주) [맥심] 아라비카100 리필 150g,5590,4.9
커피,TOP 마스터라떼 380ml,2380,4.92
커피,동서식품(주) 카누 민트초코 라떼 415.2g(24입),8700,4.88
커피,스타벅스 블론드 에스프레소 by 네스프레소 캡슐 53g (5.3g x 10개입),7700,4.92
커피,네스카페 돌체구스토 캡슐 아메리카노 30입,15900,4.97
커피,일리 클래식로스트 디카페인 레귤러 1.6g*30개,12480,4.93
커피,바리스타룰스 그란데 라떼 475ml,2250,4.73
커피,[빙그레] 아카페라 아메리카노 240ml,1100,4.89
커피,[맥심] 디카페인 커피믹스 20입 240g (12g20입),3980,4.9
커피,[맥심]TOP 마스터라떼 275ml 4+2기획,5860,4.93
커피,칸타타 스위트 아메리카노 390ml,2180,4.92
커피,[스타벅스]  네스프레소 디카프 에스프레소 로스트,7700,4.92
커피,PEACOCK [피코크] 콜드브루스위트아메리카노(390ml×6),7680,4.86
커피,동서식품(주) 카누 티라미수라떼 24입,10230,4.87
제철과일,더달콤 스테비아 토마토 550g/팩,8900,4.75
제철과일,[필리핀산] Dole 스위티오 바나나 1.3kg내외,4980,4.85
제철과일,[뉴질랜드산] 제스프리 썬골드키위 7~14입/팩 (1.1kg내외),9980,4.86
제철과일,[국산의 힘] 무지개 방울토마토 900g/팩,6900,4.81
제철과일,당찬사과 4~7입/봉 (1.3kg),8980,4.81
제철과일,홍시 4~6입/팩 (750g내외),3980,4.7
제철과일,다농이네,27810,4.44
제철과일,[경상북도]고당도 샤인머스켓 2kg 2-4송이 (에어포장),7980,4.64
제철과일,달달 과즙 황금향 1.2kg/봉,12900,4.72
제철과일,타이벡 감귤 3kg/박스,21510,4.31
제철과일,다농이네,7980,4.64
제철과일,[경상북도]고당도 샤인머스켓 1.5kg 2-3송이 (에어포장),4900,4.82
제철과일,단감 4~8입/봉 (1kg내외),4580,4.64
제철과일,아침의뜰 [경상북도]고당도 망고포도 샤인머스캣 1.5kg(2~3수)(에어포장),21510,4.23
제철과일,[필리핀산] Dole 바나나 1.3kg내외,3980,4.83
제철과일,[뉴질랜드산] 제스프리 그린키위/팩 (1kg내외),7980,4.84
제철과일,[콜롬비아산] 바나밸리 프레쉬 바나나 1송이 (1.2kg내외),3980,4.82
제철과일,[필리핀산] 신세계푸드 스카이 고산지 바나나 1kg내외,3980,4.72
제철과일,[뉴질랜드산] 아보카도 4~5입/팩 (900g내외),8980,4.06
제철과일,[필리핀산] 망고 3입/팩 (700g내외),9980,4.61
제철과일,완숙토마토 6~8입/팩 (1.2kg),7900,4.82
제철과일,GAP 영암무화과 16~20입 (1.2kg내외),11900,4.54
제철과일,[칠레산] 생블루베리 310g,8980,4.79
제철과일,크리스피 리얼칩스 5믹스 180g,4130,4.82
제철과일,[미국산] 혼합포도 1.36kg/팩,12980,4.62
제철과일,다농이네,13410,4.68
제철과일,[경상북도] 새콤달콤 부사 세척사과 2.5kg 12과내,8980,4.65
제철과일,머스크 메론 1통 (1.6kg이상),6900,4.65
제철과일,E-MART FRESH 사과대추 500g/팩,10980,4.76
제철과일,[미국산] 청포도 900g/팩,4900,4.76
제철과일,허니토마토 500g/팩,19710,4.33
제철과일,다농이네,5480,4.71
제철과일,[경상북도] 프리미엄 황금사과 황옥 사과 5kg (33과내),11900,4.68
제철과일,저탄소인증 햇사과 1kg이상/봉,5900,4.84
제철과일,당도선별 감귤 3kg/박스,3980,4.78
제철과일,토마주르토마토 750g/팩,6980,4.83
아이스크림,하겐다즈 바닐라 아이스크림 946ml(쿼터),22400,4.9
아이스크림,상하목장 얼려먹는 아이스크림 밀크 510ml,5980,4.81
아이스크림,"[롯데] 월드콘 멀티(160ml*5입)(★6,000→4,000)",4000,4.89
아이스크림,하겐다즈 초코렛 아이스크림 946ml(쿼터),22400,4.91
아이스크림,상하목장 얼려먹는 아이스주스 망고 510ml,5980,4.92
아이스크림,하겐다즈 딸기 아이스크림 946ml(쿼터),22400,4.91
아이스크림,"나뚜루  초코 아이스크림 파인트 474ml(★11,600→5,800)",5800,4.88
아이스크림,빙그레  투게더  아이스크림 900ml,5490,4.92
아이스크림,No Brand 노브랜드초코칩아이스크림660ml,4180,4.9
아이스크림,빙그레  떡붕어싸만코 150ml*5,6000,4.91
아이스크림,[롯데] 셀렉션  아이스크림 500ml,4000,4.88
아이스크림,"나뚜루  프렌치아포가또 아이스크림 파인트 474㎖(★11,600→5,800)",5800,4.77
아이스크림,[롯데푸드] 구구 오리지널 460ml (92ml*5입),4000,4.9
아이스크림,구구 크러스터660ml,4000,4.91
아이스크림,[롯데] 티코 밀크 초코 510ml,5000,4.91
아이스크림,[빙그레] 비비빅 70ml*8,3430,4.9
아이스크림,롯데 찰떡아이스90ml*5,6000,4.9
아이스크림,롯데  티코 다크 초코 510ml,5000,4.91
아이스크림,No Brand 노브랜드향긋한바닐라향아이스5L,12980,4.9
아이스크림,나뚜루 피페리타 민트초코 파인트,5800,4.5
아이스크림,[빙그레] 메로나 75ml*8,3430,4.91
아이스크림,하겐다즈 마카다미아넛 473ml 파인트,12500,4.87
아이스크림,셀렉션 싱글초코,4000,4.83
아이스크림,PEACOCK 피코크 욜로우 민트초코칩 474ml,5980,4.58
아이스크림,빼빼로바아몬드 4입,4800,5.0
아이스크림,[롯데] 조안나 바닐라 850ml,4000,4.9
아이스크림,빼빼로바 크런키 4입,4800,3.67
아이스크림,하겐다즈 아이스크림 파인트 2+1,38700,4.92
아이스크림,하겐다즈 그린티 아몬드 멀티바 240ml(80ml*3개),12500,4.83
아이스크림,빙그레  그라시아 쿠앤크 710ml,5500,4.88
아이스크림,조안나바,6000,5.0
아이스크림,빙그레  빵또아 180ml*5,6000,4.88
아이스크림,No Brand 노브랜드 리얼콘바닐라160ml*5,3580,4.78
아이스크림,[롯데] 위즐 커피 초코 퍼지 아이스크림 660ml,4000,4.83
아이스크림,No Brand 노브랜드달콤한초코아이스5L,12980,4.91
아이스크림,[롯데] 스크류바 75mlx6개,3600,4.93
아이스크림,하겐다즈 바닐라 473ml 파인트,12500,4.87
아이스크림,[롯데푸드] 구구콘 아이스크림 5개입 800ml (160ml*5입),6000,4.87
아이스크림,해태 폴라포포도 120ml*6,3600,4.95
아이스크림,No Brand 노브랜드상큼한딸기아이스5L,12980,4.87
아이스크림,[빙그레] 슈퍼콘 초코 750ml(150ml*5개),6000,4.86
아이스크림,PEACOCK 피코크 욜로우 녹차 474ml,5980,4.58
아이스크림,[롯데]조안나 호두850ml,4000,4.89
아이스크림,PEACOCK 피코크 욜로우 바닐라 474ml,5980,4.55
아이스크림,[롯데] 설레임 밀크 쉐이크(160ml*5) 800ml,6000,4.91
아이스크림,[하겐다즈]그린티 473ml 파인트,12500,4.88
아이스크림,[롯데] 찰옥수수 700ml(140ml*5개입),6000,4.9
아이스크림,PEACOCK 피코크 유기농 딸기아이스크림 474ml,7980,4.18
아이스크림,[롯데제과] 칙촉에 빠진 위즐 660ml,4000,4.82
아이스크림,No Brand 노브랜드구슬아이스크림200g,6580,5.0
아이스크림,롯데  위즐 바닐라 피칸 아이스크림 660ml,4000,4.82
아이스크림,[롯데]죠스바 6입,3600,4.93
아이스크림,[롯데제과] 라이스크림,3500,4.77
아이스크림,해태 호두마루 660ml,4000,4.87
아이스크림,PEACOCK 피코크 욜로우 초코 474ml,5980,4.67
아이스크림,해태 쌍쌍바 67ml*6,3600,4.85
아이스크림,No Brand [빙그레] 바나나바,3180,4.82
아이스크림,[롯데]옥동자 70ml*6,3600,4.88
아이스크림,와일드바디바멀티 70ml*6,3600,4.91
아이스크림,[해태] 부라보콘 화이트바닐라 140ml*5ea,6000,4.84
돼지고기,"No Brand [노브랜드][냉동] 삼겹살 바로구이 (1,000g)",12900,4.88
돼지고기,국내산 삼겹살 구이용 (100g),2380,4.85
돼지고기,[도드람한돈]삼겹살 구이용 500g,9900,4.6
돼지고기,국내산 칼집 삼겹살 (100g),2580,4.84
돼지고기,국내산 돈목심 구이용 (100g),2380,4.9
돼지고기,"[냉동][스페인산] 뼈없는 대패 삼겹살 (1,000g)",12980,4.9
돼지고기,국내산 돈앞다리 불고기용 (100g),1380,4.86
돼지고기,"No Brand [노브랜드][냉동] 돼지 목심 바로구이 (1,000g)",10900,4.86
돼지고기,국내산 돈등심 카레용 (100g) (팩),1480,4.92
돼지고기,[맥돈] 삼겹살 구이용 (100g),3580,4.85
돼지고기,캐나다 돈삼겹살 구이용 (100g),1480,5.0
돼지고기,국내산 삼겹살 수육용 (100g),2380,4.81
돼지고기,[국산의힘][냉동] 얼룩도야지 두툼 삼겹살 (350g),8780,4.87
돼지고기,국내산 삼겹살 찌개용 (100g),2380,4.85
돼지고기,국내산 돈앞다리 수육용 (100g),1380,4.86
돼지고기,국내산 돈뒷다리 다짐육 (100g) (팩),880,4.93
돼지고기,[더느림] 돈앞다리 (100g),1380,4.83
돼지고기,국내산 돈등심 잡채용 (100g) (팩),1480,4.9
돼지고기,캐나다 돈삼겹살 (100g),1480,4.85
돼지고기,캐나다 돈목심 구이용 (100g),1480,2.0
돼지고기,무항생제 삼겹살 구이용 (100g) (팩),3180,4.8
돼지고기,[국산의힘][냉동] 얼룩도야지 목심 (350g),8780,4.89
돼지고기,No Brand [노브랜드][냉동] 감자탕용 등뼈 (1.5kg),4980,4.86
돼지고기,[맥돈] 돈앞다리 (100g),1780,4.85
돼지고기,국내산 돈앞다리 불고기용 (100g) (팩),1380,4.88
돼지고기,[냉동][미국산] 소스와 볶아먹는 매콤달콤 제육볶음 (600g),8080,4.86
돼지고기,국내산 돈뒷다리 불고기용 (100g) (팩),880,4.88
돼지고기,[국산의힘][냉동] 얼룩도야지 돈마호크 (350g),6980,5.0
돼지고기,[더느림] 돈등갈비 (100g),3880,4.87
돼지고기,[바른농장] 미박 삼겹살 구이용 (100g),3680,4.8
돼지고기,국내산 돈안심 장조림용 (100g) (팩),1580,4.92
돼지고기,캐나다 돈목심 (100g),1480,4.9
닭고기,"No Brand [노브랜드][냉동] 닭가슴살 (1,000g)",5900,4.93
닭고기,"[하림] 무항생제 닭 (볶음탕용) (1,000g)",6980,4.92
닭고기,"No Brand [노브랜드][냉동] 닭안심 (1,000g)",5900,4.92
닭고기,[하림] 무항생제 닭다리살 (정육) (400g),7980,4.93
닭고기,[하림] 무항생제 두마리 영계 1kg (500g*2),8980,4.89
닭고기,"[하림] 토종닭 (백숙용) (1,050g)",10980,4.89
닭고기,CJ 더건강한 닭가슴살 직화 통살구이 100g,2980,4.93
닭고기,[하림] 무항생제 닭가슴살 (400g),5680,4.92
닭고기,[하림] 무항생제 닭안심 (400g),5680,4.94
닭고기,대림 사조안심 닭가슴살 블랙페퍼 100g,1980,4.92
닭고기,CJ 더건강한 닭가슴살 직화 스테이크 100g,2980,4.87
닭고기,"[마니커][냉동] 무항생제 닭가슴살 (1,000g)",6980,4.9
닭고기,[마니커] 무항생제 닭 (볶음탕용) (800g),6280,4.89
닭고기,[대림]사조안심 닭가슴살 훈제 100g,1980,4.89
닭고기,하림 닭가슴훈제100g,2080,4.85
닭고기,"[하림] 동물복지 닭 (백숙용) (1,000g)",7980,4.8
닭고기,"[체리부로] 무항생제 닭 (백숙용) (1,000g)",6480,4.53
닭고기,[마니커][냉동] 초간단 닭발 (250g),4880,4.89
닭고기,오븐에빠진닭 [오빠닭] 닭가슴살/소시지★균일가 사은품 증정,990,4.86
닭고기,[마니커] 무항생제 닭다리 (북채) (600g),8980,4.87
닭고기,"[마니커][냉동] 무항생제 닭안심 (1,000g)",6980,4.91
닭고기,[마니커][냉동] 무항생제 닭봉 (800g),8980,4.88
닭고기,[하림] 프리미엄하얀속살햄100g3,5800,4.89
닭고기,교촌1991 [BEST Fresh][교촌] 닭가슴살/소시지/볶음밥 균일가★사은품 증정,1900,4.9
닭고기,[마니커][냉동] 무항생제 닭윙 (800g),8980,4.88
닭고기,테미즈 [BEST Fresh][두메산골]당일손질 냉장 닭다리살(정육)1kg+1kg(2kg),20900,4.82
닭고기,삼립 닭가슴살 슬라이스 블랙페퍼 400g,6980,4.83
닭고기,동원 그릴리 닭가슴살 오리지널 110g,2980,5.0
닭고기,[하림] 매콤한 뼈없는 닭발 (300g),7980,4.56
닭고기,[마니커] 무항생제 닭 (백숙용) (800g),7480,4.92
닭고기,[마니커] 무항생제 닭윗날개 (봉) (600g),8980,4.87
닭고기,맛있닭 [랭킹닭컴] 맛있닭 닭가슴살 이번엔 꼭뺀닭 세트 (총10팩),14678,4.85
닭고기,수월한 [BEST Fresh][냉동]닭다리 순살 조각정육 2kg,14520,4.79
닭고기,오다닭 스팀 닭가슴살 3kg 골라담기 (100g 30팩),29900,4.73
닭고기,"[우리땅] 토종닭 (볶음탕용) (1,000g)",8980,4.77
닭고기,[마니커] 무항생제 닭아랫날개 (윙) (600g),8980,4.95
우유,PEACOCK 피코크 에이 클래스 우유 900ml (1A등급)(매일유업),1984,4.93
우유,[서울우유] 서울우유 1000ml 나100%,2710,4.94
우유,[서울우유] 서울우유 2.3L,6350,4.95
우유,PEACOCK 피코크 에이 클래스 우유 2.3L (1A등급)(남양유업),4624,4.89
우유,[서울우유] 후레쉬 밀크 기획(900ml*2) 1800ml,3980,4.95
우유,[서울우유] 저지방 우유 (1L2개),4080,4.93
우유,[서울우유] 속편한 우유 저지방 (900ml*2),4480,4.89
우유,매일유업 [매일] 소화가 잘되는 우유 930ml,3290,4.94
우유,남양유업 맛있는우유GT 멸균 200ml*24,10980,4.92
우유,[서울우유] 목장의 신선함이 살아있는 우유 1L,3240,4.94
우유,서울우유 1.8L,4990,4.94
우유,PEACOCK 피코크 더 클래스 우유 900ml (1등급)(남양유업),1888,4.88
우유,No Brand [노브랜드] 1A 우유 900mL,1980,4.92
우유,매일유업 [매일] 우유 오리지널 후레쉬팩 900ML*2,4980,4.95
우유,남양유업 [남양] 맛있는 우유 GT 900ml×2,4980,4.94
우유,[빙그레] 바나나맛 우유 Value 6팩(240ml*6개) 1440ml,5980,4.94
우유,[매일] 소화가 잘되는 저지방 우유 930ml,3290,4.94
우유,"No Brand 노브랜드 굿모닝 굿밀크1,000ml",1580,4.94
우유,[빙그레] 바나나맛 우유(240ml4개) 960ml,4900,4.94
우유,서울우유 커피포리 200ml* 4입,3490,4.92
우유,매일유업 커피속에 모카 300ml 3입 기획,2980,4.91
우유,남양유업 [남양] 고소한 저지방우유 900ml*2,4280,4.91
우유,매일유업 [매일] 소화가 잘되는 멸균우유 (190ml16),12480,4.94
우유,파스퇴르 후레쉬 우유 2입(900ml*2),5680,4.93
우유,[서울우유] 저지방 우유 1000ml,2850,4.92
우유,매일유업 매일 오리지널  900ml,2610,4.95
우유,서울 커피우유 200ml*3입,2180,4.93
우유,[서울우유] 저지방 우유 1800ml,5290,4.92
우유,매일유업 [매일] 아몬드브리즈 오리지널 950ml,2780,4.91
우유,[빙그레] 바나나 스페셜(240ml*6개) 1440ml,5980,4.93
우유,[서울우유] 서울우유 (200ml*3개),2640,4.94
우유,서울 초코우유 200ml*3입,2180,4.95
우유,[파스퇴르] 파스퇴르 우유 2.3L,6680,4.94
우유,[파스퇴르] 후레쉬우유(200ml*3입) 600ml,2380,4.95
우유,매일유업 우유속에 딸기과즙 300ml 3입 기획,2980,4.91
우유,[덴마크] 대니쉬 the건강한우유(900ml*2) 1800ml,4780,4.93
우유,[푸르밀] 고칼슘 저지방 우유(900ml*2) 1800ml,4280,4.92
우유,아몬드브리즈 오리지널 190ml*6입,3750,4.96
우유,[파스퇴르] 후레쉬 우유 1.8L,5580,4.94
우유,남양유업 [남양] 고소한 락토프리 우유 900ml,3250,4.91
우유,[덴마크] 대니쉬 the건강한 저지방우유 1.8L,4480,4.89
우유,서울우유 밀크랩 고단백저지방우유 900ml,3250,4.9
우유,남양 맛있는우유GT 슈퍼밀크 900ml*2,5180,4.9
우유,파스퇴르 후레쉬우유 900ml,3380,4.94
우유,매일유업 [매일] 허쉬 쵸콜렛 드링크(235ml*4개) 940ml,4280,4.94
우유,서울우유 그린라벨 (1L*2입),5780,4.9
우유,매일유업 바나나는 하얗다 멀티 235ml*4,2980,4.88
우유,서울 저지방 우유 200ml*3입,2640,4.91
우유,매일유업 매일 저지방 1% 900mL,2610,4.92
우유,남양유업 남양 초코에몽 250ml*4,3840,4.92
우유,상하목장 유기농 저지방우유 900ml,4580,4.93
우유,[서울우유] 클릭유 1A등급 멸균우유 (1L * 8개입),18700,5.0
우유,PEACOCK 피코크 핑크퐁 유기농인증 딸기 우유 125mL X 4 (멸균우유),3360,4.99
우유,[빙그레] 바나나맛 우유 라이트(240ml4개) 960ml,4900,4.93
우유,아몬드브리즈 프로틴 190ml*6입,4510,4.89
우유,아몬드브리즈 언스위트 190ml x 6입,3750,4.93
우유,상하 무항생제 저온살균 우유 저지방 900ml,3500,4.79
우유,매일유업 매일우유 저지방 1% 1.5L,4390,4.94
우유,상하목장 유기농 우유 750ml,4980,4.92
우유,덴마크 소화가 잘되는 우유 900mL*2입,4480,4.91
우유,서울우유 유기농 우유 700ml,3980,4.71
세제,[유한] 펑크린 (1.5ℓ + 200ml),2990,4.93
세제,No Brand [노브랜드] 더 경제적인 주방 세제 4L,4580,4.89
세제,[유한락스] 레귤러 3.5L,5930,4.93
세제,홈스타 락스와 세제 후로랄 파인 (750ml),3900,4.92
세제,프릴 맑은 식초 750ML(산뜻한자몽),7500,4.92
세제,프릴 맑은 식초 상큼한 라임향 1L,7500,4.88
세제,No Brand 노브랜드 깨끗한 락스4.3L,3380,4.93
세제,LG생활건강 한입 과탄산소다 2KG,6900,4.92
세제,자연퐁 주방세제 오렌지 1570ML,8900,4.92
세제,[유한락스] 욕실청소용 900ml*2,9290,4.9
세제,[홈스타] 욕실세정용 900ML,6900,4.89
세제,다우니 고농축 섬유유연제 엑스퍼트 2.6L(실내건조),13500,4.96
세제,한입 베이킹소다 4KG,6900,4.93
세제,[유한락스] 레귤러 500ML,1380,4.93
세제,프릴 맑은 식초 1L(산뜻한자몽),7500,4.92
세제,백광 파워 트래펑 2L,4500,4.9
세제,홈스타 변기세정제40G X 4P,3300,4.85
세제,홈스타 싱크대배수관 세정제(1회분),7900,4.83
세제,홈스타 버블워시 세탁조 클리너 100G*2,3900,4.88
세제,[홈스타] 뿌리는 곰팡이 싹 900ml,6900,4.88
세제,[유한락스] 곰팡이 제거제 900ML*2,9290,4.9
세제,다우니 퍼퓸 초고농축 섬유유연제 2L(코튼 퓨어 러브),13800,4.91
세제,No Brand [노브랜드] 화장실 세정제 750ML,2280,4.88
세제,[유한락스] 유한락스 1.8L,3830,4.94
세제,홈스타 락스와세제 750ml (시트러스),3900,4.9
세제,No Brand [노브랜드] 액체세제 용기 2.5L(일반용),4980,4.9
세제,No Brand 파워 배수관세척제2L,3280,4.9
세제,홈스타 세면대 배수관 클리너,7900,4.86
세제,LG생활건강 피지 파워젤 세제 프레쉬2.7L,15900,4.91
세제,LG생활건강 한입 구연산 2KG,6900,4.92
세제,No Brand 노브랜드 표백비누 450g,980,4.88
세제,프릴 베이킹소다 퓨어레몬 750ML 용기,7500,4.9
세제,유한락스 주방청소900ML*2,9290,4.87
세제,다우니 초고농축 섬유유연제 2.6L(블루 레몬그라스와 달콤한 라일락 향),11500,4.93
세제,No Brand 주방세제1L,2980,4.89
세제,유한젠 표백제 1.8L,13500,4.88
화장지,No Brand 노브랜드 도톰한 물티슈 100매,980,4.93
화장지,No Brand 노브랜드 키친타올 200매*6롤,4900,4.93
화장지,No Brand [노브랜드] 깨끗한 물티슈 100매,880,4.88
화장지,[1+1]크리넥스 울트라클린 화이트 비데 3겹 30m*30롤,26600,4.9
화장지,크리넥스 순수소프트내추럴 3겹 30m*30롤,17900,4.9
화장지,[코디] 순한 3겹데코 33m*30롤,14900,4.88
화장지,크리넥스 키친타월 150매*6롤,4950,4.91
화장지,크리넥스 디럭스미니 카카오230매6입,10400,4.9
화장지,크리넥스 실크소프트 미용티슈 230매 *6입,9810,4.91
화장지,깨끗한나라 물티슈100매6입(캡형),8900,4.92
화장지,[크리넥스] 내츄럴소프트 미용티슈 270매6입,10900,4.92
화장지,크리넥스 수앤수 코튼클린 오리지널캡 80x6,8900,4.89
화장지,크리넥스 뽑아쓰는키친타올140매*4입,8900,4.91
화장지,코디  데코레이션 화장지 45m*30롤,11900,4.77
화장지,깨끗한나라 99.9% 손소독물티슈60매(캡),3900,4.89
화장지,크리넥스 안심 프리미엄 3겹 키친타올 140매x4롤,7500,4.9
화장지,코디 뽑아쓰는 키친타월 150*4,5890,4.94
화장지,크리넥스 3겹 더건강한케어 30M*30롤,35900,4.72
화장지,크리넥스 마이비데 물티슈(캡) 46매*4입,9810,4.92
화장지,크리넥스 내추럴소프트 숲속향 250매6입,13950,4.89
화장지,이마트24 민생화장지 3겹 27M *30롤,9800,4.86
화장지,[코디] 내추럴 미용티슈 230매*6입,6900,4.89
화장지,코디 비데&클린 화장지 30m*36롤,25800,4.88
화장지,크리넥스 안심물티슈60매(캡),2600,4.89
화장지,깨끗한나라 아이리스 30M 30롤,21900,4.89
화장지,코디 기름먹는 키친타올 140*6,7900,4.89
화장지,그루3겹데코 33M30롤,13900,4.84
화장지,깨끗한나라  순수 소프티 미용티슈 260매*6입,8900,4.87
화장지,이마트24 민생화장지 3겹 40M *12롤,5900,4.88
화장지,[코디] 울트라 슈퍼 스트롱 키친타올 130매*6롤,8500,4.9
화장지,코디 에코그린 화장지 30m*30롤,12800,4.89
화장지,코디 (친환경인증) 에코 화장지 30m&times;30롤 2팩 (무료배송),21500,4.86
화장지,베베숲 퓨어 물티슈 80매*10입(캡),12900,4.9
화장지,크리넥스 내추럴알로에로션 150매X6입,14430,4.88
화장지,크리넥스  여행용티슈 카카오프렌즈 70매3입,2300,4.93
화장지,No Brand [노브랜드] 스마트 키친타올 150매*12롤,6780,4.82
화장지,이마트24 [민생]한아름 물티슈 200매(캡형),1500,4.79
화장지,이마트24 민생 미용티슈 250매×3입,3900,4.8
화장지,크리넥스 수앤수 20매 카카오(색상랜덤발송),1100,4.92
화장지,No Brand 노브랜드 도톰한 3겹 키친타월 150매*4롤,4880,4.89
화장지,No Brand 노브랜드 Lotion&Soft 3겹 화장지 27M*12롤,6980,4.84
화장지,유한킴벌리 크리넥스 3겹 천연펄프 데코&소프트 화장지 37M-24롤x2팩,37900,4.83
화장지,크리넥스 마이비데 카카오 캡 40매,2000,4.92
화장지,(맘키즈★2개 구매시 40% 할인)크리넥스 마이비데 키즈 캡 42매x4,10900,4.93
화장지,코디 홈냅킨 100매*6입,3890,4.83
화장지,크리넥스 수앤수 카카오라이언80매(캡),2000,4.89
화장지,잘풀리는집 깨끗한3겹 순&순 30m*30롤,15900,4.89
화장지,랩신 V3 손소독티슈 60매,5900,4.84
화장지,코디 올록볼록 점보롤티슈 300Mx4롤,9900,4.89
화장지,No Brand 노브랜드 비데물티슈 60매 (캡형),3280,4.93
화장지,SHYRILLA 샤이릴라 여행용 티슈 70매*3입,1500,4.9
화장지,코디 스위티베어200매6입,6900,4.9
화장지,모나리자 보타닉포레 천연펄프 화장지 3겹 30롤 2팩 (총60롤),23901,4.84
화장지,유한킴벌리 크리넥스 3겹 천연펄프 순수소프트 화장지 27M-30롤x2팩,33900,4.79
화장지,코디 안심 3겹 키친타월 160*4,6500,4.91
화장지,깨끗한나라 닥터비데 화장실용물티슈 46매*4입(캡),5785,4.9
화장지,"코디 순백 화장지 30m*30롤 3팩 (천연펄프, 3겹, 무형광)",35870,4.85
화장지,크리넥스 수앤수 코튼클린 오리지널캡 80x6 (택배배송),8900,4.84
화장지,크리넥스 마이비데 밸런스케어 10매x4,3000,4.93
화장지,깨끗한나라 페퍼민트 물티슈(캡) 80매*4입,6900,4.94
뷰티케어,비욘드 (SSG단독) 비욘드 클래식 핸드크림 기프트 세트(Thank You Edition),6800,4.88
뷰티케어,온더바디 더내추럴 촉촉한 올리브 클렌징폼 200,3900,4.87
뷰티케어,온더바디 더내추럴 순한 아보카도 클렌징폼 200,3900,4.89
뷰티케어,[아비노] 데일리 모이스춰라이징 로션 354ml,19900,4.82
뷰티케어,밀크바오밥 모이스트 바디로션 화이트머스크 400ml,4900,4.84
뷰티케어,[아비노] 스트레스 릴리프 모이스춰라이징 로션 354ml,19900,4.87
뷰티케어,온더바디 쉐어버터 코튼 바디로션 1000ml,12900,4.86
뷰티케어,온더바디 쉐어버터 바닐라 바디로션 1000ml,12900,4.87
뷰티케어,뉴트로지나 데일리 바디 로션 450ml,17900,4.88
뷰티케어,뉴트로지나 릴랙싱 바디 로션 450ml,17900,4.88
뷰티케어,존슨&존슨 아비노 데일리 에너자이징 로션 354ml,19900,4.83
뷰티케어,LG생활건강 LG퓨어시카 바디로션 1L 화이트머스크향,12900,4.93
뷰티케어,밀크바오밥 모이스트 바디로션 화이트솝 400ml,4900,4.94
뷰티케어,밀크바오밥 모이스트 바디로션 베이비파우더 400ml,4900,4.84
뷰티케어,일리윤 세라마이드아토로션350ML,11900,4.89
뷰티케어,알로에 티트리 앤 라임 핸드워시,6900,4.78
뷰티케어,온더바디 더내추럴 코코넛 바디로션 400ml,6900,4.83
뷰티케어,마녀공장 퓨어 클렌징 오일 200ml,16650,4.74
뷰티케어,베일리스앤하딩호호바실크앤아몬드오일핸드워시,6900,4.69
뷰티케어,존슨즈 베이비오일 기획팩,9900,4.86
뷰티케어,라로슈포제,48000,5.0
뷰티케어,[SSG단독구성/추천] 1등* 시카밤 100ml*2 세트 (+3종 증정),6900,4.79
뷰티케어,자스민 앤 애플블러썸,6900,4.86
뷰티케어,온더바디 더내추럴 아보카도 바디로션 400m,27810,4.94
뷰티케어,비욘드 [하나 더 증정]비욘드 클래식 핸드크림 100ml,12000,4.93
뷰티케어,존슨&존슨 뉴트로지나 노르딕베리 모이스춰로션 450ml,17900,4.88
뷰티케어,성분에디터  장영란 모공앰플 그린토마토 포어 리프팅 앰플 플러스 30ml 1+1,29520,4.0
뷰티케어,LG 초편안 마스크 Basic 대형(KF94) 3입,2900,4.71
뷰티케어,LG생활건강 LG퓨어시카 바디로션 1L 베이비파우더향,12900,4.8
뷰티케어,No Brand [노브랜드] 부드럽고 촉촉한 핸드크림100ml,2980,4.88
뷰티케어,[아트릭스] 핸드 앤 네일케어 100ml,3500,4.76
뷰티케어,니베아 [아트릭스] 스트롱 프로텍션 크림 250ml,5700,4.91
뷰티케어,일리윤 오일스무딩바디로션 350ml,9900,4.92
뷰티케어,일리윤 울트라리페어 로션 528ml,14900,4.87
뷰티케어,아크네스 세범밸런싱스킨2.0,15000,5.0
뷰티케어,바이오더마 세비엄 H2O 클렌징 워터 500ml,9900,4.91
뷰티케어,니베아 올리브 핸드 크림 75ml,3500,4.82
뷰티케어,라이프보이 손소독제 500ml,2730,4.77
뷰티케어,피지오겔 [애프터쓱데이]피지오겔 DMT 크림 150ml X 2개+AI크림20ml+크림30ml,54384,4.95
뷰티케어,해피바스 어성초 모공 클렌징폼 200G,6900,4.89
뷰티케어,카밀 핸드크림 베스트 트리오 기획세트,12400,4.92
뷰티케어,이니스프리,25600,4.82
뷰티케어,블랙티 유스 인핸싱 크림 45mL,30600,4.87
뷰티케어,유세린 [★애프터쓱데이★ 구매금액대 사은품증정!] [SSG단독]유세린 하이알루론 아이크림 기획세트(아이크림 15ml+컨센트레이트 5ml+유세린 정품크림 20ml)[증정]디럭스샘플G,5900,4.89
뷰티케어,해피바스 정말 촉촉한 바디밀크 450ml,6200,4.67
뷰티케어,[카밀] 핸드&네일 클래식 100ml,7700,4.78
뷰티케어,카밀 핸드크림 미니 3종 세트,4800,5.0
뷰티케어,아토팜 수딩 젤 로션 120ml,20000,4.94
뷰티케어,허바신 뉴카밀 핸드크림 셋트,11900,4.92
뷰티케어,더마비 ★한정판★ [더마비] 데일리 모이스처 바디로션 500mlX2  [gift] 장바구니+크림 20ml,16110,4.94
뷰티케어,마녀공장 퓨어&딥 클렌징 폼 100ml,7110,5.0
뷰티케어,라이스테라피 쌀눈 맑은 버블폼 300ml,3450,4.88
뷰티케어,니베아 인샤워 바디로션 나리싱_400ml (건조한피부용),13900,4.83
뷰티케어,아벤느,20520,4.9
뷰티케어,[아벤느공식 ]클리낭스 클렌징 젤 400ml + (증정)클리낭스 클렌징 젤 샘플킷,4950,4.84
뷰티케어,일리윤 연꽃수분마스크기획 10매,1050,4.91
뷰티케어,[무궁화] 허니&율피 때비누,20000,4.88
뷰티케어,일리윤 세라마이드아토집중크림 500ML,39200,5.0
뷰티케어,에스트라 에스트라 아토베리어365 크림 80ml 듀오 선물 세트,4500,4.87
등산용품,[하루온팩] 발난로핫팩 10입 (40g),4900,5.0
등산용품,[불곰팩] 손난로핫팩 5입 (특대형/중형),3900,5.0
등산용품,[화롯불] 손난로핫팩 5입 (대형/중형),3900,5.0
등산용품,[화롯불] 손난로핫팩 5입 (대형/중형),4900,4.92
등산용품,[화롯불] 파스형핫팩 10입 (40g),5900,4.88
등산용품,[불곰팩] 손난로핫팩 5입 (특대형/중형),5900,5.0
등산용품,트렉스타 프리미엄 어코드 3단 초경량 등산스틱 2개 1세트 + 케이스 - 2021년형,32108,4.8
등산용품,SSG랜더스 손난로핫팩 5입 (80g),3900,4.73
등산용품,스탠리 GO 진공 슬림 보틀 280ml 보온보냉 텀블러,27600,5.0
등산용품,레드페이스  남성 시티폴 요꼬 칼라 티셔츠-REWMTSF20214,14550,4.84
등산용품,블랙 다이아몬드(BLACK DIAMOND),176000,4.8
등산용품,블랙다이아몬드 등산스틱 디스턴스 FLZ Z폴 BD112206,40388,5.0
등산용품,트렉스타 프리미엄 예일로 4단 초경량 등산스틱 2개 1세트 + 케이스 - 2021년형,19000,4.87
등산용품,웨스트우드 남성 간절기 베이직핏 긴팔 라운드 티셔츠 WL1MTTR405,238280,4.8
등산용품,네파[NEPA] [네파]지리산 공용 C-TR 아노락 다운 자켓 레인저룩_7HF2066,36800,4.92
등산용품,BIGTEN 빅텐 쉐르파3단스틱,17900,5.0
등산용품,스탠리 GO 진공 슬림 보틀 473ml 보온보냉 텀블러,34040,4.94
등산용품,마모트 파워스트레치 여성장갑BK,19000,4.88
등산용품,파쉬 [국내배송]파쉬 보온물주머니 노커버 2.0L 모음전,10670,4.5
등산용품,[JAJU/자주]신세계인터내셔날 모던 피크닉매트_140x160cm_스트라이프,39900,5.0
등산용품,레드페이스  남성 그리드 플리스 웜 짚 티셔츠-REWMTSF18014,14550,4.75
등산용품,레드페이스_이마트 데일리라이트웜다운재킷,59000,5.0
등산용품,디스커버리(discovery) 디스커버리조끼 KQJ 반슬리 (BARNSLEY) 다운 패딩베스트 DWDV64061 BK,164150,5.0
등산용품,콜핑 간절기 여성 바지 균일가 모음전,9900,5.0
등산용품,핫타임 보온대 핫팩 대용량 휴대용 손난로 160g 30개,19148,5.0
등산용품,마이핫(MYHOT) 마이핫 보온대 160g (60개입),40740,5.0
등산용품,네파[NEPA] [네파]여성 C-TR 듀오 리버시블 레인저 다운 자켓_7H82062,238280,5.0
등산용품,오스프리 아트모스 AG 남성용 등산 가방 백팩 배낭 65L OPA1MBP014,217000,4.71
등산용품,레드페이스  남성 매트 라이트 써모 패딩 재킷-REWMJKF18411,38800,4.5
등산용품,디스커버리(discovery) [디스커버리]패딩 KQJ 레스터G 여성 구스다운 롱패딩 DWDJ68061 BG,367080,5.0
등산용품,롱샴(LONGCHAMP),129000,4.75
등산용품,롱샴 르 플리아쥬 백팩 L1699089645,10353,4.09
등산용품,핫한날 미니 붙이는 핫팩 100매,19900,5.0
등산용품,데카트론  성인용 하이킹 플리스 보온 장갑 e,4900,5.0
등산용품,라스포르티바 코브라 암벽화 클라이밍화 LS60AFC011,120000,4.73
등산용품,레드페이스 NC14 필라이트 튜브 다운 우먼 재킷 REWFJKW21650 (S7624939),89000,4.75
등산용품,네파[NEPA] [네파]남여공용 아리아 넥리스 경량 다운 자켓7HE2041,97612,4.0
