카테고리,product,price,rate
라면,[농심] 신라면 120gx5입,3670,4.95
라면,[농심] 올리브 짜파게티 (140gx5입),4270,4.95
라면,오뚜기 진라면 매운맛 120g*5입,3100,4.96
라면,농심 얼큰한 너구리 (120gx5입),4080,4.95
라면,[농심] 안성탕면 5입 625g (125g5입),3280,4.94
라면,[농심] 육개장 사발면 (86gx6입),4490,4.95
라면,오뚜기 진라면 순한맛 120g(5입),3100,4.95
라면,농심 신라면 건면 5입,4380,4.91
라면,[오뚜기] 열라면 5입 (120g*5입),3150,4.95
라면,[오뚜기] 스낵면 540g (108g*5입),2950,4.93
라면,[삼양] 삼양라면 5입,3500,4.93
라면,[팔도 Paldo] 비빔면 5입,4200,4.94
라면,오뚜기 오동통면 얼큰한맛 120gX4개,2800,4.94
라면,[농심] 신라면 컵 6입 390g (65g6입),4740,4.95
라면,[농심] 튀김 우동 컵 (62g6입),4740,4.94
라면,[농심] 멸치 칼국수(98g5입) 490g,4080,4.91
라면,농심 앵그리짜파구리 4입,4270,4.96
라면,[팔도 Paldo] 왕뚜껑 110g,1000,4.94
라면,농심 사리면 110g*5입,1380,4.91
라면,농심 생생우동봉지 4입,6980,4.94
라면,[농심] 짜파게티 범벅 (70g6입),4500,4.95
라면,No Brand [노브랜드] 라면 한 그릇 115gx5봉입,1980,4.84
라면,No Brand [노브랜드] 짜장라면 5개입,2280,4.85
라면,[농심] 김치 사발면 (86gx6),4500,4.94
라면,[오뚜기] 컵누들(매콤한맛) 37g,1070,4.94
라면,[농심] 튀김우동 큰사발 111g,1030,4.94
라면,[농심] 새우탕 컵면 (67g6입),4740,4.94
라면,팔도 틈새라면 빨계떡120g*5입,4400,4.93
라면,[농심] 사리곰탕면 (110gx5입),4280,4.92
라면,오뚜기 진라면 소컵 매운맛(65gX6개),4500,4.95
라면,[농심] 오징어 짬뽕 5입 620g (124g5입),4280,4.92
라면,[농심] 순한 너구리120gx5입,4080,4.94
라면,농심 신라면 볶음면 131g*4입,3980,4.73
라면,농심 배홍동비빔면 4입,3480,4.89
라면,농심 사천짜파게티 4입,4080,4.94
라면,오뚜기 참깨라면 용기 110g,1050,4.94
라면,[농심] 새우탕 큰사발 115g,1030,4.93
라면,풀무원 자연은맛있다 홍면 4입,5450,4.82
라면,농심 앵그리짜파구리 큰사발,1320,4.88
라면,[농심] 신라면 컵 65g,790,4.94
라면,PEACOCK 피코크 초마짬뽕라면 500g,4880,4.82
라면,[농심] 사리곰탕 큰사발면 111g,1030,4.93
라면,오뚜기 컵누들 우동맛,1080,4.92
라면,No Brand 노브랜드 쌀국수 멸치맛 92g,980,4.8
라면,No Brand 노브랜드 쌀국수 얼큰한맛 92g,980,4.81
라면,농심 짜왕 (134g*4입),5300,4.94
라면,No Brand [노브랜드] 육개장컵라면 79g,500,4.88
라면,[농심] 오징어 짬뽕 컵 67g,790,4.94
라면,[농심] 튀김 우동 컵 62g,790,4.94
라면,농심 신라면건면사발 4입,4400,4.89
라면,[오뚜기] 컵누들 매콤한맛 소컵 37.8g*6,6480,4.95
라면,[농심]신라면 블랙 536g(4입),5480,4.89
라면,풀무원 자연은맛있다 정면 4입,5450,4.84
라면,오뚜기 참깨라면 65gx6입,5400,4.96
라면,농심 짜왕 건면119g*4,5700,4.9
라면,오뚜기 김치라면 4입 480g,2620,4.9
라면,풀무원 자연은맛있다 라면 백면 4입,5450,4.8
라면,쇠고기미역국라면 115gX4입,5480,4.89
라면,[오뚜기] 스낵면 컵 62g,750,4.94
라면,[삼양] 불닭볶음면 (70g*6회) 420g,5520,4.95
라면,[오뚜기] 컵누들 우동맛 소컵 (38.1g*6입),6480,4.95
라면,농심 생생우동용기276g*4입,7680,4.93
라면,[농심] 육개장 큰사발면 110g,1030,4.92
라면,풀무원 로스팅짜장 파기름라면 4인,4480,4.78
라면,오뚜기 스파게티 150g*4입,3550,4.9
라면,[팔도 Paldo] 왕뚜껑 소컵(65g*6입) 390g,4350,4.91
라면,No Brand [노브랜드] 파돈코츠라멘 172g,1980,4.82
라면,오뚜기 컵누들 매콤찜닭 작은컵 45.5g,1350,4.88
라면,농심 앵그리 너구리 5입,3910,4.88
라면,오뚜기  라면 사리 (110g5개),1580,4.91
라면,팔도 왕뚜껑 130g*4입,2880,4.82
라면,[농심] 너구리 컵 (62g6입),4900,4.94
라면,농심 신라면120g*20입,14720,4.93
라면,삼양 큰컵 4가지치즈불닭볶음면 110g,1400,4.87
라면,[팔도] 짬뽕 왕뚜껑 110g,1000,4.91
과자,PEACOCK (G)[피코크] 초콜릿 샌드위치 비스킷 135g,2980,4.91
과자,노티드(knotted)x쁘띠몽쉘마롱몽블랑204g,3360,4.81
과자,PEACOCK (G)[피코크] 초코밀크 타르트 비스킷225g,2980,4.87
과자,오리온 초코송이 36g*2번들,990,4.96
과자,PEACOCK 피코크 우리밀버터와플 288g,4980,4.92
과자,[크라운] 빅파이 딸기 324g,3840,4.94
과자,[해태] 홈런볼초코 5번들 230g,5980,4.96
과자,[오리온] 포카칩 오리지널 66g,1170,4.94
과자,크라운쵸코하임 18개입 284g,4780,4.96
과자,No Brand 노브랜드 감자칩 오리지날 110g,890,4.9
과자,해태 사브레 252g,3580,4.93
과자,오리온 썬 핫 스파이시 맛 135g,1980,4.95
과자,[롯데] 빈츠 204g,3840,4.96
과자,[페레로]누텔라 앤 고 52g,1980,4.89
과자,[롯데] 마가렛트오리지날396g,5280,4.94
과자,크라운 국희땅콩샌드 372g(12입),3840,4.93
과자,농심 양파링 84g,1200,4.94
과자,[농심] 매운새우깡 90g,990,4.95
과자,[농심] 포스틱 84g,1200,4.95
과자,[오리온] 초코파이 정 새로운시작 12팩 468g (39g*12팩),3830,4.95
과자,롯데 아몬드빼빼로132G,3840,4.95
과자,오리온 촉촉한초코칩 12P+4P 320G,3840,4.96
과자,No Brand 노브랜드 고르곤졸라치즈 소프트콘 145g,1280,4.87
과자,오리온 예감 오리지널 192g,2880,4.95
과자,[농심] 알새우칩 68g,1180,4.94
과자,롯데 카스타드 2번들 552G(24입),6980,4.94
과자,오레오 화이트크림 샌드위치 쿠키100g,980,4.95
과자,[크라운] 버터와플 316g,4380,4.95
과자,No Brand 노브랜드 자색고구마칩 110g,980,4.87
과자,삼립 탱글탱글젤리뽀10입 600g,4680,4.91
과자,PEACOCK (G)피코크 에그롤쿠키 125g,2580,4.52
과자,[오리온] 왕고래밥 56g,980,4.95
과자,몽쉘 크림케이크384g,4780,4.94
과자,[오리온] 오징어 땅콩(오리지널) 202g,2380,4.93
과자,해태 허니버터칩4번들 152g,2980,4.94
과자,No Brand 노브랜드 감자칩 사워크림&어니언 110g,980,4.9
과자,[롯데] 칙촉 180g,3840,4.94
과자,틱톡젤리 320g,2980,4.78
과자,농심 조청유과 96g,1200,4.94
과자,젤리스트로우 800g,7980,4.95
과자,PEACOCK [피코크] 스윗 & 솔트 팝콘 스낵 140g,1386,4.92
과자,몽쉘 카카오케이크 384g,4780,4.93
과자,해태 에이스스페셜모카블렌드364g,3980,4.87
과자,해태 오예스미니192g,2870,4.95
과자,[크라운] 참크래커 280g,3360,4.94
과자,오리온 only생감자팩 180g,3980,4.94
과자,크라운 화이트하임 18개입 284g,4780,4.96
과자,크라운 신짱 씨앗호떡맛 200g,1980,4.81
과자,[농심] 닭다리 후라이드치킨맛 66g,1180,4.94
과자,[오리온] 포카칩 어니언맛 66g,1180,4.94
과자,크라운 콘칩 군옥수수맛 148G,2380,4.95
과자,[오리온] 후레쉬 베리 12입 336g,5120,4.95
과자,해태 오예스 12입 360g,4780,4.95
과자,롯데 구미당기는구미미니195G,3180,4.94
과자,오리온 꼬북칩 초코츄러스맛 160g,2380,4.89
과자,PEACOCK (G)피코크 티타임비스킷 146g,2580,4.91
과자,[크라운] 쿠크다스 화이트 토르테  288g,4380,4.95
과자,크라운 참쌀설병 270g,4320,4.95
과자,청우)쫀득초코칩240g,4780,4.9
과자,오리온 예감 볶은양파 204g,2880,4.96
과자,삼립 미니꿀약과 500g,3980,4.93
과자,오리온 꼬북칩 콘스프 160g,2380,4.91
과자,오리온 예감 치즈그라탕 204g,2880,4.96
과자,No Brand 노브랜드 카스타드,3180,4.92
과자,오리온 감자패밀리팩 180g,3980,4.95
과자,[오리온]  고래밥 볶음 양념 160G,2240,4.95
과자,[롯데] 더욱 달콤하고 바삭해진 엄마손파이254g,4780,4.93
과자,크라운 마이쮸 포도사과 284g,3840,5.0
과자,크라운 마이쮸 딸기복숭아 284g,3840,4.96
커피,G7 블랙 인스턴트 100입,8980,4.91
커피,[매일] 바리스타룰스 에스프레소 라떼 250ml,1750,4.94
커피,(쓱배송)  [맥심] 모카골드 마일드 커피믹스 250입,28400,4.95
커피,[매일] 바리스타룰스 모카프레소 250ml,1750,4.93
커피,[스타벅스] 카페 라떼 200ml,1900,4.94
커피,[서울우유] 스페셜티 카페라떼 마일드 250ml,1650,4.93
커피,[매일] 바리스타룰스 마다가스카르 바닐라빈라떼 325ml,2250,4.9
커피,칸타타 프리미엄라떼 390ml,2180,4.91
커피,맥심 (쓱배송)  [맥심] 화이트골드 커피믹스 250입,28400,4.96
커피,칸타타 콘트라베이스 블랙 500ml,1980,4.91
커피,[서울우유] 스페셜티 카페라떼 아포가토 250ml,1650,4.89
커피,동서식품(주) [맥심] 카누 마일드 로스트 아메리카노 미니 100입,19000,4.95
커피,[서울우유] 스페셜티 카페라떼 모카 250ml,1650,4.92
커피,[매일]바리스타룰스 카라멜 딥 프레소 250ml,1750,4.92
커피,(쓱배송)  [맥심] 카누 마일드 로스트 아메리카노 미니 150입,26980,4.97
커피,[맥심] TOP 볼드 에스프레소 라떼 300ml,1980,4.9
커피,[맥심] TOP 마일드 에스프레소 라떼 300ml,1980,4.9
커피,[빙그레] 아카페라 카페라떼 240ml,1100,4.92
커피,[매일] 마이 카페라떼 220ml*6입 기획 (기획랜덤구성),5980,4.94
커피,동서식품(주) 카누 돌체라떼 415.2g(24입),10230,4.9
커피,[매일]바리스타룰스 블랙 만델링 1L,4900,4.89
커피,[빙그레] 아카페라 바닐라 라떼 240ml,1100,4.91
커피,[매일]바리스타룰스 플라넬드립 라떼325ml,2250,4.86
커피,칸타타 콘트라베이스 라떼 500ml,1980,4.82
커피,동서식품(주) [맥심]카누 미니 다크 로스트 아메리카노 100입,19000,4.94
커피,[빙그레] 아카페라 마끼아또 240ml,1100,4.9
커피,[매일] 마이 카페라떼 마일드 220ml,1500,4.94
커피,[맥심] 에스프레소 TOP 마스터 라떼 275ml,1780,4.94
커피,No Brand 노브랜드 콜롬비아 아메리카노 블랙 2.1L,2980,4.93
커피,[서울우유] 스페셜티 카페라떼 다크 250ml,1650,4.91
커피,바리스타룰스 그란데 라떼 475ml,2250,4.73
커피,[매일] 바리스타룰스 블랙 코스타리카 1L,4900,4.88
커피,바리스타룰스 디카페인라떼,2250,4.9
커피,맥심 슈프림골드 커피믹스 20입,3980,4.78
커피,[매일] 마이카페라떼 마일드 로어슈거 220ml,1500,4.91
커피,칸타타 스위트 아메리카노 390ml,2180,4.92
커피,[맥심] TOP 더 블랙 275ml,1780,4.94
커피,칸타타 콘트라베이스 스위트블랙,1980,4.91
커피,고티카 콜드브루 아메리카노 265ml,1780,4.88
커피,핸디엄 콜드브루커피 케냐 500ml,9900,4.86
커피,동서식품(주) [맥심]카누 디카페인 미니 아메리카노 30입,6160,4.92
커피,동서식품(주) [맥심] 모카골드 마일드 커피믹스 180입 (12g*180입) (+20입 or 사은품 랜덤 증정),24650,4.91
커피,동서식품(주) 카누 디카페인라떼 30입,11500,4.83
커피,[빙그레] 아카페라 아메리카노 240ml,1100,4.9
커피,[매일] 바리스타룰스 콜드브루 블랙 325ml,2250,4.82
커피,빙)스페셜티 에티오피아 예가체프 460ml,2200,4.84
커피,[칸타타] 콜드브루 블랙 275ml 캔,1780,4.87
커피,TOP 트리플 에스프레소라떼 300ml,1980,4.94
커피,[칸타타] 카라멜 마키아토 (275ml/캔),1780,4.89
커피,조지아 콜드브루 카페라떼 265ml,1780,4.83
커피,동서식품(주) (쓱배송)  [맥심]카누 다크 아메리카노 미니 150입,26980,4.96
커피,콩카페 코코넛라떼,1980,4.83
커피,[스타벅스] 더블샷 에스프레소&크림 (200ml*4캔),4780,4.92
커피,[칸타타] 스위트 아메리카노 275ml,1780,4.93
커피,쟈뎅 시그니처 아메리카노 로얄헤이즐넛 1.1L,2980,4.91
커피,동서식품(주) [맥심] 모카골드 마일드 커피믹스 (12g*20입),3170,4.93
커피,콩카페 연유라떼,1980,4.85
커피,PEACOCK 피코크 브라질 세라도 엔와이투 1kg (홀빈),12980,4.83
커피,TOP 더블랙 380ml,2380,4.92
커피,동서식품(주) [맥심] 화이트골드 커피믹스 180입 (11.7g*180개) (+20입 or 사은품 랜덤 증정),25400,4.92
커피,동서식품(주) 카누 민트초코 라떼 415.2g(24입),8700,4.88
커피,No Brand 노브랜드 콜드브루 아메리카노 500m,1880,4.79
커피,[맥심]카누 라떼 50입 (13.5g*50개입),19000,4.95
커피,[루카스나인] 더블샷라떼 30입,12400,4.91
커피,맥심  화이트골드 커피믹스 (11.7g*50) 585g,7750,4.94
커피,스타벅스 이탈리안스타일 로스트 by 네스프레소 캡슐,7700,4.91
커피,칸타타 콘트라베이스 콜드브루 900ml펫,2980,5.0
커피,[조지아] 고티카 빈티지 라떼 270ml,2030,4.89
커피,빙)스페셜티 탄지나아 킬리만자로 460ml,2200,4.83
커피,일리 클래식로스트 미니 1g*30개,8980,4.9
커피,쟈뎅 시그니처 아메리카노 블랙 1.1L,2980,4.92
제철과일,[11/2 이후 배송불가] 첫 수확 조생 햇 귤 3kg/박스,5950,4.8
제철과일,[필리핀산] Dole 스위티오 바나나 1.3kg내외,4980,4.84
제철과일,홍시 4~6입/팩 (750g내외),3980,4.7
제철과일,[뉴질랜드산] 제스프리 썬골드키위 7~14입/팩 (1.1kg내외),9980,4.86
제철과일,당찬사과 4~7입/봉 (1.3kg),8980,4.81
제철과일,타이벡 감귤 3kg/박스,12900,4.72
제철과일,[국산의 힘] 무지개 방울토마토 900g/팩,6900,4.81
제철과일,달달 과즙 황금향 1.2kg/봉,7980,4.65
제철과일,샤인머스캣 500g/팩,7980,4.64
제철과일,아침의뜰 [경상북도]고당도 망고포도 샤인머스캣 1.5kg(2~3수)(에어포장),17910,4.16
제철과일,[필리핀산] 망고 3입/팩 (700g내외),9980,4.61
제철과일,단감 4~8입/봉 (1kg내외),4580,4.62
제철과일,[콜롬비아산] 바나밸리 프레쉬 바나나 1송이 (1.2kg내외),3980,4.82
제철과일,[미국산] 청포도 900g/팩,10980,4.76
제철과일,더달콤 스테비아 토마토 550g/팩,8900,4.76
제철과일,E-MART FRESH 사과대추 500g/팩,6900,4.66
제철과일,[칠레산] 생블루베리 310g,8980,4.79
제철과일,자연맛남 [금주특가][자연맛남] 제주직송 햇 감귤 9kg 로열과 (S-M/실중량),14900,4.42
제철과일,[필리핀산] 신세계푸드 스카이 고산지 바나나 1kg내외,3980,4.77
제철과일,머스크 메론 1통 (1.6kg이상),8980,4.64
제철과일,완숙토마토 6~8입/팩 (1.2kg),7900,4.82
제철과일,GAP 영암무화과 16~20입 (1.2kg내외),11900,4.53
제철과일,[미국산] 냉동 블루베리 1.5kg/봉,11800,4.89
제철과일,[뉴질랜드산] 제스프리 그린키위/팩 (1kg내외),7980,4.84
제철과일,허니토마토 500g/팩,4900,4.76
제철과일,[미국산] 혼합포도 1.36kg/팩,10980,4.61
제철과일,친환경 방울토마토 600g/팩,3980,4.78
제철과일,GAP 죽장 시나노골드 4~6입/봉 (1.3kg내외),8980,4.6
제철과일,[미국산] 블랙사파이어 900g/팩,8980,4.63
제철과일,저탄소인증 햇사과 1kg이상/봉,5480,4.7
제철과일,[필리핀산] 델몬트 컷파인애플 540g,6980,4.83
제철과일,크리스피 리얼칩스 5믹스 180g,4130,4.82
제철과일,[뉴질랜드산] 아보카도 4~5입/팩 (900g내외),8980,3.55
제철과일,친환경 토마토 900g/팩,5480,4.72
제철과일,토마주르토마토 750g/팩,5900,4.84
제철과일,자연맛남 [금주특가][자연맛남] 제주직송 햇 감귤 4.5kg 로열과 (S-M/실중량),9500,4.47
아이스크림,상하목장 얼려먹는 아이스크림 밀크 510ml,5980,4.81
아이스크림,"[나뚜루] 녹차 아이스크림 파인트 474ml(★11,600→5,800)",5800,4.88
아이스크림,빙그레  떡붕어싸만코 150ml*5,6000,4.91
아이스크림,빙그레  투게더  아이스크림 900ml,5490,4.92
아이스크림,[롯데] 셀렉션  아이스크림 500ml,4000,4.88
아이스크림,[빙그레] 더 엑설런트 오리지널 800ml,6390,4.89
아이스크림,No Brand 노브랜드초코칩아이스크림660ml,4180,4.9
아이스크림,롯데 찰떡아이스90ml*5,6000,4.9
아이스크림,빙빙 초코맛 107g (8.9g*12봉),4980,4.92
아이스크림,No Brand 노브랜드향긋한바닐라향아이스5L,12980,4.91
아이스크림,[롯데푸드] 구구 오리지널 460ml (92ml*5입),4000,4.9
아이스크림,빙그레  그라시아 쿠앤크 710ml,5500,4.88
아이스크림,[롯데] 티코 밀크 초코 510ml,5000,4.91
아이스크림,[빙그레] 메로나 75ml*8,3430,4.91
아이스크림,셀렉션 싱글초코,4000,4.84
아이스크림,[빙그레] 비비빅 70ml*8,3430,4.9
아이스크림,롯데  티코 다크 초코 510ml,5000,4.91
아이스크림,"나뚜루  스트로베리 아이스크림 파인트 474ml(★11,600→5,800)",5800,4.88
아이스크림,하겐다즈 그린티 아몬드 멀티바 240ml(80ml*3개),12500,4.83
아이스크림,"나뚜루  초코 아이스크림 파인트 474ml(★11,600→5,800)",5800,4.88
아이스크림,[롯데] 조안나 바닐라 850ml,4000,4.9
아이스크림,빼빼로바 크런키 4입,4800,3.0
아이스크림,PEACOCK 피코크 욜로우 민트초코칩 474ml,5980,4.58
아이스크림,[빙그레] 슈퍼콘 초코 750ml(150ml*5개),6000,4.86
아이스크림,[롯데푸드] 구구콘 아이스크림 5개입 800ml (160ml*5입),6000,4.87
아이스크림,하겐다즈 마카다미아넛 473ml 파인트,12500,4.87
아이스크림,[롯데] 위즐 커피 초코 퍼지 아이스크림 660ml,4000,4.83
아이스크림,빼빼로바아몬드 4입,4800,5.0
아이스크림,빙그레  빵또아 180ml*5,6000,4.88
아이스크림,[롯데] 스크류바 75mlx6개,3600,4.93
아이스크림,롯데 일품 팥빙수,1500,4.88
아이스크림,나뚜루 피페리타 민트초코 파인트,5800,4.48
아이스크림,"나뚜루  프렌치아포가또 아이스크림 파인트 474㎖(★11,600→5,800)",5800,4.77
아이스크림,No Brand 노브랜드달콤한초코아이스5L,12980,4.91
아이스크림,조안나바,6000,5.0
아이스크림,No Brand 노브랜드 리얼콘바닐라160ml*5,3580,4.77
아이스크림,No Brand 노브랜드구슬아이스크림200g,6580,5.0
아이스크림,해태 쌍쌍바 67ml*6,3600,4.85
아이스크림,PEACOCK 피코크 유기농 바닐라 아이스크림 474ml,7980,4.81
아이스크림,[하겐다즈]그린티 473ml 파인트,12500,4.88
아이스크림,"월드콘 초코멀티 160ml*5(★6,000→4,000)",4000,4.82
아이스크림,[롯데] 찰옥수수 700ml(140ml*5개입),6000,4.9
아이스크림,No Brand 노브랜드상큼한딸기아이스5L,12980,4.87
아이스크림,하겐다즈 바닐라 아이스크림 946ml(쿼터),22400,4.9
아이스크림,[롯데] 설레임 밀크 쉐이크(160ml*5) 800ml,6000,4.91
아이스크림,[빙그레] 끌레도르 클렌라벨 커피파인트 474ml,11600,4.87
아이스크림,[롯데제과] 칙촉에 빠진 위즐 660ml,4000,4.82
아이스크림,하겐다즈 딸기 아이스크림 946ml(쿼터),22400,4.91
아이스크림,롯데  위즐 바닐라 피칸 아이스크림 660ml,4000,4.82
아이스크림,하겐다즈 피넛버터 크런치 473ml 파인트,12500,4.83
아이스크림,PEACOCK 피코크 욜로우 바닐라 474ml,5980,4.55
아이스크림,[롯데]죠스바 6입,3600,4.93
아이스크림,해태 호두마루 660ml,4000,4.87
아이스크림,[해태] 부라보콘 화이트바닐라 140ml*5ea,6000,4.84
아이스크림,[롯데제과] 라이스크림,3500,4.77
아이스크림,하겐다즈 바닐라 473ml 파인트,12500,4.87
아이스크림,No Brand [빙그레] 바나나바,3180,4.82
아이스크림,[끌레도르]레드카펫 치즈케익 파인트474ml,9800,4.83
아이스크림,롯데푸드 프라임홈 900ml,4000,4.84
아이스크림,와일드바디바멀티 70ml*6,3600,4.91
돼지고기,"No Brand [노브랜드][냉동] 삼겹살 바로구이 (1,000g)",12900,4.88
돼지고기,국내산 삼겹살 구이용 (100g),2380,4.85
돼지고기,국내산 칼집 삼겹살 (100g),2580,4.84
돼지고기,국내산 돈목심 구이용 (100g),2380,4.9
돼지고기,"No Brand [노브랜드][냉동] 돼지 목심 바로구이 (1,000g)",10900,4.86
돼지고기,국내산 삼겹살 수육용 (100g),2380,4.81
돼지고기,국내산 돈등심 카레용 (100g) (팩),1480,4.92
돼지고기,"[냉동][스페인산] 뼈없는 대패 삼겹살 (1,000g)",12980,4.9
돼지고기,국내산 돈갈비찜용 (100g),1380,4.83
돼지고기,국내산 삼겹살 찌개용 (100g),2380,4.85
돼지고기,[더느림] 돈앞다리 (100g),1380,4.83
돼지고기,국내산 돈뒷다리 다짐육 (100g) (팩),880,4.92
돼지고기,캐나다 돈삼겹살 구이용 (100g),1480,5.0
돼지고기,국내산 돈등심 잡채용 (100g) (팩),1480,4.9
돼지고기,[더느림]  삼겹살 (100g),3580,4.83
돼지고기,[국산의힘][냉동] 얼룩도야지 두툼 삼겹살 (350g),6146,4.86
돼지고기,무항생제 삼겹살 구이용 (100g) (팩),3180,4.82
돼지고기,[도드람한돈]삼겹살 구이용 500g,9900,5.0
돼지고기,[맥돈] 돈앞다리 (100g),1780,4.85
돼지고기,[냉동][미국산] 소스와 볶아먹는 매콤달콤 제육볶음 (600g),8080,4.86
돼지고기,캐나다 돈목심 구이용 (100g),1480,4.86
돼지고기,No Brand [노브랜드][냉동] 감자탕용 등뼈 (1.5kg),4980,4.87
돼지고기,[더느림] 돈등갈비 (100g),3880,4.86
돼지고기,무항생제 돈목심 구이용 (100g) (팩),3180,4.93
돼지고기,[국산의힘][냉동] 얼룩도야지 목심 (350g),6146,4.87
돼지고기,[국산의힘][냉동] 얼룩도야지 돈마호크 (350g),4886,5.0
돼지고기,국내산 돈앞다리 불고기용 (100g) (팩),1380,4.88
닭고기,"[하림] 무항생제 닭 (볶음탕용) (1,000g)",6980,4.92
닭고기,"No Brand [노브랜드][냉동] 닭가슴살 (1,000g)",5900,4.93
닭고기,"No Brand [노브랜드][냉동] 닭안심 (1,000g)",5900,4.92
닭고기,[하림] 무항생제 두마리 영계 1kg (500g*2),8980,4.89
닭고기,[하림] 무항생제 닭다리살 (정육) (400g),7980,4.93
닭고기,[하림] 무항생제 닭안심 (400g),5680,4.94
닭고기,CJ 더건강한 닭가슴살 직화 통살구이 100g,2980,4.93
닭고기,[하림] 무항생제 닭가슴살 (400g),5680,4.92
닭고기,오븐에빠진닭 [오빠닭] 닭가슴살/소시지★균일가 사은품 증정,990,5.0
닭고기,[마니커] 무항생제 닭 (볶음탕용) (800g),6280,4.89
닭고기,"[하림] 동물복지 닭 (백숙용) (1,000g)",7980,4.67
닭고기,대림 사조안심 닭가슴살 블랙페퍼 100g,1980,4.92
닭고기,CJ 더건강한 닭가슴살 직화 스테이크 100g,2980,4.87
닭고기,"[마니커][냉동] 무항생제 닭가슴살 (1,000g)",6980,4.9
닭고기,"[하림] 토종닭 (백숙용) (1,050g)",10980,4.89
닭고기,"[체리부로] 무항생제 닭 (백숙용) (1,000g)",6480,4.47
닭고기,하림 닭가슴훈제100g,2080,4.85
닭고기,[마니커][냉동] 초간단 닭발 (250g),4880,4.89
닭고기,"[우리땅] 토종닭 (백숙용) (1,050g)",9980,4.86
닭고기,[마니커][냉동] 무항생제 닭봉 (800g),8980,4.88
닭고기,"[마니커][냉동] 무항생제 닭안심 (1,000g)",6980,4.91
닭고기,[대림]사조안심 닭가슴살 훈제 100g,1980,4.89
닭고기,[마니커] 무항생제 닭다리 (북채) (600g),8980,4.86
닭고기,동원 그릴리 닭가슴살 오리지널 110g,2980,5.0
닭고기,[마니커] 무항생제 닭 (백숙용) (800g),7480,4.92
닭고기,[하림] 프리미엄하얀속살햄100g3,5800,4.89
닭고기,맛있닭 [랭킹닭컴] 맛있닭 닭가슴살 이번엔 꼭뺀닭 세트 (총10팩),14678,4.85
닭고기,[하림] 매콤한 뼈없는 닭발 (300g),7980,4.56
닭고기,[마니커][냉동] 무항생제 닭윙 (800g),8980,4.88
닭고기,삼립 닭가슴살 슬라이스 블랙페퍼 400g,6980,4.82
닭고기,교촌1991 [BEST Fresh][교촌] 닭가슴살/소시지/볶음밥 균일가★사은품 증정,1900,4.9
닭고기,[마니커] 무항생제 닭윗날개 (봉) (600g),8980,4.87
닭고기,[마니커] 무항생제 닭아랫날개 (윙) (600g),8980,4.95
닭고기,테미즈 [BEST Fresh][두메산골]당일손질 냉장 닭다리살(정육)1kg+1kg(2kg),20900,4.82
닭고기,수월한 [BEST Fresh][냉동]닭다리 순살 조각정육 2kg,14520,4.79
닭고기,"[우리땅] 토종닭 (볶음탕용) (1,000g)",8980,4.77
우유,[서울우유] 서울우유 1000ml 나100%,2710,4.94
우유,PEACOCK 피코크 에이 클래스 우유 2.3L (1A등급)(남양유업),4624,4.89
우유,[서울우유] 서울우유 2.3L,6350,4.95
우유,[서울우유] 속편한 우유 저지방 (900ml*2),4480,4.89
우유,[서울우유] 저지방 우유 (1L2개),4080,4.93
우유,남양유업 맛있는우유GT 멸균 200ml*24,10980,4.92
우유,매일유업 [매일] 소화가 잘되는 우유 930ml,3290,4.94
우유,[서울우유] 목장의 신선함이 살아있는 우유 1L,3240,4.94
우유,서울우유 1.8L,4990,4.94
우유,PEACOCK 피코크 더 클래스 우유 900ml (1등급)(남양유업),1888,4.88
우유,매일유업 [매일] 우유 오리지널 후레쉬팩 900ML*2,4980,4.95
우유,No Brand [노브랜드] 1A 우유 900mL,1980,4.92
우유,[빙그레] 바나나맛 우유 Value 6팩(240ml*6개) 1440ml,5980,4.94
우유,남양유업 [남양] 맛있는 우유 GT 900ml×2,4980,4.94
우유,[매일] 소화가 잘되는 저지방 우유 930ml,3290,4.94
우유,[빙그레] 바나나맛 우유(240ml4개) 960ml,4900,4.94
우유,매일유업 [매일] 소화가 잘되는 멸균우유 (190ml16),12480,4.94
우유,파스퇴르 후레쉬 우유 2입(900ml*2),5680,4.93
우유,[서울우유] 저지방 우유 1000ml,2850,4.92
우유,[파스퇴르] 파스퇴르 우유 2.3L,6680,4.94
우유,남양유업 [남양] 고소한 저지방우유 900ml*2,4280,4.91
우유,매일유업 [매일] 아몬드브리즈 오리지널 950ml,2780,4.91
우유,매일유업 매일 오리지널  900ml,2610,4.95
우유,[빙그레] 바나나 스페셜(240ml*6개) 1440ml,5980,4.93
우유,[서울우유] 서울우유 (200ml*3개),2640,4.94
우유,[덴마크] 대니쉬 the건강한우유(900ml*2) 1800ml,4780,4.93
우유,[서울우유] 저지방 우유 1800ml,5290,4.92
우유,서울 초코우유 200ml*3입,2180,4.95
우유,[파스퇴르] 후레쉬우유(200ml*3입) 600ml,2380,4.95
우유,매일유업 매일우유 저지방 1% 멸균(200mL X 24입),14800,4.92
우유,상하목장 유기농우유 900ml,4580,4.95
우유,[서울우유] 저지방 우유 2.3L,6550,4.94
우유,서울우유 그린라벨 (1L*2입),5780,4.9
우유,매일유업 [매일] 오리지널(200ml*3개) 600ml,2270,4.95
우유,매일유업 우유속에 코코아과즙 300ml 3입 기획,2980,4.95
우유,매일유업 [매일] 우유 저지방2% 후레쉬팩 900ML*2,4780,4.94
우유,상하목장 유기농 우유 500ml (125ml*4입),4400,4.97
우유,서울우유 밀크랩 고단백저지방우유 900ml,3250,4.9
우유,상하목장 유기농 멸균우유 1200ml (200ml*6),7400,4.93
우유,서울 저지방 우유 200ml*3입,2640,4.91
우유,[덴마크] 대니쉬 the건강한 저지방우유 1.8L,4480,4.89
우유,남양유업 [남양] 고소한 락토프리 우유 900ml,3250,4.91
우유,남양 맛있는우유GT 슈퍼밀크 900ml*2,5180,4.9
우유,파스퇴르 후레쉬우유 900ml,3380,4.94
우유,상하목장 유기농 딸기우유 500ml (125ml*4입),4400,4.97
우유,매일유업 바나나는 하얗다 멀티 235ml*4,2980,4.88
우유,PEACOCK 피코크 핑크퐁 유기농인증 딸기 우유 125mL X 4 (멸균우유),3360,5.0
우유,매일유업 매일 저지방 1% 900mL,2610,4.92
우유,[빙그레] 바나나맛 우유 라이트(240ml4개) 960ml,4900,4.92
우유,남양유업 남양 초코에몽 250ml*4,3840,4.92
우유,매일유업 [매일] ESL 우유 500ml,1580,4.93
우유,상하목장 유기농 우유 750ml,4980,4.92
우유,매일유업 매일우유 저지방 1% 1.5L,4390,4.94
우유,매일유업 매일 소화가 잘되는우유 초콜릿 190ml*6입,4280,4.92
우유,PEACOCK 피코크 핑크퐁 유기농인증 바나나 우유 125mL X 4 (멸균우유),3360,4.97
우유,상하 무항생제 저온살균 우유 저지방 900ml,3500,4.79
우유,매일유업 매일 멸균 소화가잘되는 저지방우유 6입,5680,4.94
우유,아몬드브리즈 프로틴 190ml*6입,4510,4.9
우유,[서울우유] 클릭유 커피멸균 (200ml 24개),16500,4.58
우유,작센 [독일공식수입 작센우유] 멸균우유 유지방3.5% 1000mlx12개입 (총12L),19800,4.79
세제,[유한] 펑크린 (1.5ℓ + 200ml),2990,4.93
세제,No Brand [노브랜드] 더 경제적인 주방 세제 4L,4580,4.89
세제,프릴 맑은 식초 750ML(상큼한라임),7500,4.9
세제,[유한락스] 레귤러 3.5L,5930,4.93
세제,퍼실 파워젤 2.7L 드럼,23800,4.92
세제,퐁퐁 베이킹소다 1200ml 리필,3900,4.93
세제,홈스타 락스와 세제 후로랄 파인 (750ml),3900,4.92
세제,프릴 맑은 식초 750ML(산뜻한자몽),7500,4.92
세제,프릴 맑은 식초 상큼한 라임향 1L,7500,4.88
세제,No Brand 노브랜드 깨끗한 락스4.3L,3380,4.93
세제,LG생활건강 한입 과탄산소다 2KG,6900,4.92
세제,자연퐁 주방세제 오렌지 1570ML,8900,4.92
세제,[유한락스] 욕실청소용 900ml*2,9290,4.9
세제,[홈스타] 욕실세정용 900ML,6900,4.89
세제,다우니 고농축 섬유유연제 엑스퍼트 2.6L(실내건조),13500,4.96
세제,한입 베이킹소다 4KG,6900,4.93
세제,자연퐁 주방세제 제균솔잎 1570ML,8900,4.92
세제,LG생활건강 테크 특유취제거 2.7L 드럼,16900,4.84
세제,프릴 맑은 식초 1L(산뜻한자몽),7500,4.92
세제,[유한락스] 후레쉬 락스 1.5L,3410,4.93
세제,백광 파워 트래펑 2L,4500,4.9
세제,[이마트가 직접 수입한] USA 다우니 에이프릴후레쉬 3.06L,14900,4.92
세제,홈스타 변기세정제40G X 4P,3300,4.85
세제,홈스타 싱크대배수관 세정제(1회분),7900,4.83
세제,홈스타 버블워시 세탁조 클리너 100G*2,3900,4.88
세제,LG생활건강 테크 특유취제거 2.7L 일반,16900,4.86
세제,[홈스타] 뿌리는 곰팡이 싹 900ml,6900,4.88
세제,[유한락스] 곰팡이 제거제 900ML*2,9290,4.9
세제,유한젠 과탄산소다 2KG,5500,4.94
세제,다우니 퍼퓸 초고농축 섬유유연제 2L(코튼 퓨어 러브),13800,4.91
세제,헨켈 퍼실 파워젤 1.5L*2 드럼,19400,4.92
세제,No Brand [노브랜드] 화장실 세정제 750ML,2280,4.88
세제,[유한락스] 유한락스 1.8L,3830,4.94
세제,헨켈 퍼실 라벤더 2.7L(드럼용),23800,4.93
세제,홈스타 락스와세제 750ml (시트러스),3900,4.9
세제,프릴 베이킹소다 퓨어레몬 1L,7500,4.9
세제,No Brand 주방세제1L,2980,4.89
세제,유한젠 표백제 1.8L,13500,4.88
세제,LG생활건강 [홈스타] 착붙는 락스 스프레이 900ml,6900,4.84
세제,No Brand [노브랜드] 액체세제 리필 2.1L (일반용),3980,4.9
세제,다우니 퍼퓸 초고농축 섬유유연제 2L(스프링 가든 러브),13800,4.93
세제,홈스타 속 시원한 변기클리너(1회분),7900,4.8
세제,LG생활건강 피지 바이럭스 액체세제 2.7L(오리지널),19900,4.88
세제,암앤해머 쉐이커주방세척제400G,3200,4.94
세제,유한락스 세탁조세정제 500ML,2700,4.92
세제,아우라 건조기시트 120매(윌유메리미),18900,4.93
세제,자연퐁 소취 자몽오렌지 주방세제 490ML,3190,4.92
세제,홈스타 바이럭스 욕실용 세정제 750ML,7900,4.89
세제,유한 플러스세제755ML,3290,4.91
세제,다우니 퍼퓸 초고농축 섬유유연제 2.6L(코튼 퓨어 러브),13500,4.94
세제,퍼실 퓨어프레쉬 딥클린 용기 2.7L (드럼),25800,4.88
세제,No Brand 노브랜드 속옷비누 150g,780,4.88
화장지,No Brand 노브랜드 도톰한 물티슈 100매,980,4.93
화장지,No Brand 노브랜드 키친타올 200매*6롤,4900,4.93
화장지,No Brand [노브랜드] 깨끗한 물티슈 100매,880,4.88
화장지,크리넥스 울트라클린 화이트 비데 3겹 30m*30롤,26600,4.9
화장지,크리넥스 순수소프트내추럴 3겹 30m*30롤,17900,4.9
화장지,[코디] 순한 3겹데코 33m*30롤,13410,4.88
화장지,크리넥스 키친타월 150매*6롤,4950,4.91
화장지,크리넥스 디럭스미니 카카오230매6입,10400,4.9
화장지,크리넥스 실크소프트 미용티슈 230매 *6입,9810,4.91
화장지,깨끗한나라 물티슈100매6입(캡형),7900,4.92
화장지,[크리넥스] 내츄럴소프트 미용티슈 270매6입,10900,4.92
화장지,크리넥스 수앤수 코튼클린 오리지널캡 80x6,8900,4.89
화장지,그루 키친타올 230매*4입,3980,4.91
화장지,[코디] 키친타올 150매*6롤,4410,4.91
화장지,크리넥스 뽑아쓰는키친타올140매*4입,8900,4.91
화장지,깨끗한나라 순수 시그니처 4겹 25m*30롤,12510,4.87
화장지,코디  데코레이션 화장지 45m*30롤,11900,4.77
화장지,깨끗한나라 99.9% 손소독물티슈60매(캡),3900,4.89
화장지,크리넥스 안심 프리미엄 3겹 키친타올 140매x4롤,7500,4.9
화장지,코디 뽑아쓰는 키친타월 150*4,5890,4.94
화장지,깨끗한나라 키친타올150매4+4입(2겹),6900,4.9
화장지,크리넥스 3겹 더건강한케어 30M*30롤,35900,4.72
화장지,No Brand 노브랜드 Suprise 3겹 화장지 27m*36롤,10980,4.89
화장지,크리넥스 마이비데 물티슈(캡) 46매*4입,9810,4.92
화장지,크리넥스 내추럴소프트 숲속향 250매6입,13950,4.89
화장지,이마트24 민생화장지 3겹 27M *30롤,8820,4.86
화장지,[코디] 내추럴 미용티슈 230매*6입,6210,4.89
화장지,코디 비데&클린 화장지 30m*36롤,25800,4.89
화장지,크리넥스 안심물티슈60매(캡),2600,4.89
화장지,깨끗한나라 아이리스 30M 30롤,21900,4.89
화장지,코디 기름먹는 키친타올 140*6,7900,4.89
화장지,그루3겹데코 33M30롤,13900,4.84
화장지,이마트24 민생화장지 3겹 40M *12롤,5310,4.88
화장지,[코디] 울트라 슈퍼 스트롱 키친타올 130매*6롤,8500,4.9
화장지,코디 에코그린 화장지 30m*30롤,12800,4.89
화장지,코디 (친환경인증) 에코 화장지 30m&times;30롤 2팩 (무료배송),21500,4.86
화장지,크리넥스 안심 손소독티슈 30+2매,2100,4.81
화장지,깨끗한나라 촉앤감케어 3겹 30m*30롤,25900,4.9
화장지,"코디 고창황토(특허받은 화장지)30m X 30롤 2팩(천연펄프, 무료배송)",33500,4.9
화장지,더도톰한 리트리 물티슈(캡) 100매6입,13900,4.92
화장지,No Brand [노브랜드] 로션 미용티슈 200매*3개입,4480,4.89
화장지,이마트24 [민생]한아름 물티슈 200매(캡형),1350,4.79
화장지,이마트24 민생 미용티슈 250매×3입,3510,4.8
화장지,크리넥스 수앤수 20매 카카오(색상랜덤발송),1100,4.92
화장지,No Brand 노브랜드 도톰한 3겹 키친타월 150매*4롤,4880,4.89
화장지,No Brand 노브랜드 Lotion&Soft 3겹 화장지 27M*12롤,6980,4.84
화장지,유한킴벌리 크리넥스 3겹 천연펄프 데코&소프트 화장지 37M-24롤x2팩,36005,4.83
화장지,크리넥스 마이비데 카카오 캡 40매,2000,4.92
화장지,크리넥스 마이비데 키즈 캡 42매x4,10900,4.93
화장지,코디 홈냅킨 100매*6입,3890,4.83
화장지,크리넥스 수앤수 카카오라이언80매(캡),2000,4.89
화장지,잘풀리는집 깨끗한3겹 순&순 30m*30롤,15900,4.89
화장지,랩신 V3 손소독티슈 60매,5900,4.84
화장지,코디 올록볼록 점보롤티슈 300Mx4롤,9900,4.89
화장지,No Brand 노브랜드 비데물티슈 60매 (캡형),3280,4.93
화장지,SHYRILLA 샤이릴라 여행용 티슈 70매*3입,1500,4.91
화장지,코디 스위티베어200매6입,6900,4.9
화장지,모나리자 보타닉포레 천연펄프 화장지 3겹 30롤 2팩 (총60롤),23901,4.84
화장지,유한킴벌리 크리넥스 3겹 천연펄프 순수소프트 화장지 27M-30롤x2팩,32205,4.79
화장지,코디 안심 3겹 키친타월 160*4,6500,4.91
뷰티케어,비욘드 (SSG단독) 비욘드 클래식 핸드크림 기프트 세트(Thank You Edition),6800,4.88
뷰티케어,[아비노] 데일리 모이스춰라이징 로션 354ml,19900,4.82
뷰티케어,[아비노] 스킨 릴리프 모이스춰라이징 로션 354ml,19900,4.87
뷰티케어,온더바디 더내추럴 순한 아보카도 클렌징폼 200,3900,4.89
뷰티케어,밀크바오밥 모이스트 바디로션 화이트머스크 400ml,4900,4.84
뷰티케어,온더바디 더내추럴 촉촉한 올리브 클렌징폼 200,3900,4.87
뷰티케어,일리윤 세라마이드 아토 로션 528ML,14900,4.93
뷰티케어,온더바디 더내추럴 산뜻한 레몬 클렌징폼 200,3900,4.86
뷰티케어,피지오겔 [쓱데이 3% 추가 다운로드 쿠폰]피지오겔 DMT 크림 150ml+로션5ml+크림30ml,26265,4.94
뷰티케어,니베아 스무드 바디 로션 400ml,13900,4.9
뷰티케어,밀크바오밥 모이스트 바디로션 베이비파우더 400ml,4900,4.85
뷰티케어,성분에디터  장영란 모공앰플 그린토마토 포어 리프팅 앰플 플러스 30ml 1+1,29520,4.0
뷰티케어,[아트릭스] 핸드 앤드 네일 로션 (400ml),5450,4.86
뷰티케어,밀크바오밥 모이스트 바디로션 화이트솝 400ml,4900,4.93
뷰티케어,온더바디 쉐어버터 코튼 바디로션 1000ml,12900,4.86
뷰티케어,[이마트가 직접 수입한]아이보리비누 90g*3입,3150,4.88
뷰티케어,니베아 인샤워 바디로션 나리싱_400ml (건조한피부용),13900,4.82
뷰티케어,No Brand [노브랜드] 부드럽고 촉촉한 핸드크림100ml,2980,4.88
뷰티케어,존슨&존슨 아비노 데일리 에너자이징 로션 354ml,19900,4.83
뷰티케어,일리윤 세라마이드아토로션350ML,11900,4.89
뷰티케어,아이!깨끗해 클린머스크 향 200ml,4500,5.0
뷰티케어,해피바스 어성초 모공 클렌징폼 200G,6900,4.89
뷰티케어,해피바스 정말 촉촉한 바디밀크 450ml,5900,4.87
뷰티케어,라이프보이 손소독제 500ml,2730,4.76
뷰티케어,스파 히말라야 핑크쏠트 클렌징 폼 200G,7900,4.79
뷰티케어,바이오더마 FRIENDS PACK 1 ( 센시비오 H2O 500ml + [정품증정]센시비오 H2O 500ml ),23085,4.93
뷰티케어,뉴트로지나 데일리 바디 로션 450ml,17900,4.88
뷰티케어,바이오더마 아토덤 PP밤 500ml,25200,5.0
뷰티케어,더마비 ★한정판★ [더마비] 데일리 모이스처 바디로션 500mlX2  [gift] 장바구니+크림 20ml,16110,4.94
뷰티케어,니베아 리페어 & 케어 리치 바디 크림 300ml,13900,4.86
뷰티케어,니베아 익스프레스 바디 로션 400ml,13900,4.86
뷰티케어,[바세린] 퓨어스킨젤리 오리지날 50ml,2200,4.93
뷰티케어,아크네스 더마 릴리프 모이스처 폼클렌저,15000,4.84
뷰티케어,[클린앤클리어] 딥 액션 폼클렌져,8900,4.91
뷰티케어,해피바스 라이스 보습 클렌징폼 200G,6900,4.82
뷰티케어,피지오겔 [쓱데이 3% 추가 다운로드 쿠폰]피지오겔 DMT 로션 200ml+크림30ml,21080,4.94
뷰티케어,니베아 [아트릭스] 스트롱 프로텍션 크림 250ml,5700,4.91
뷰티케어,존슨즈 베이비오일 기획팩,9900,4.86
뷰티케어,[아크네스] 포밍워시 200ml,15000,4.93
뷰티케어,[아트릭스] 핸드 앤 네일케어 100ml,3500,4.76
뷰티케어,수려한 [쓱데이한정기획]수려한 보윤 2종세트(+보윤 크림 1.5종 기획세트 정품증정),63000,4.89
뷰티케어,일리윤 세라마이드 아토 집중크림 200ML,11900,4.82
뷰티케어,[뉴트로지나] 딥클린 클렌징오일 200ml,17900,4.82
뷰티케어,해피바스 대나무숯 피지흡착 클렌징폼 200G,6900,4.77
뷰티케어,알로에 티트리 앤 라임 핸드워시,6900,4.92
뷰티케어,허바신 뉴카밀 핸드크림 셋트,11900,4.87
뷰티케어,존슨즈_핑크 로션 500ml+200ml,19900,5.0
뷰티케어,[뉴트로지나] 딥클린 에너자이징 폼클렌져 100g,10200,4.89
뷰티케어,일리윤 연꽃수분마스크기획 10매,4950,4.84
뷰티케어,SCINIC [SSG단독] 싸이닉 퍼스트 에센스 대용량 215ml 1+1,18000,4.86
뷰티케어,뉴트로지나 인텐스 리페어 시카 에멀젼 310ml,20900,4.94
뷰티케어,자스민 앤 애플블러썸,6900,4.79
뷰티케어,에스트라 에스트라 아토베리어365 크림 80ml 듀오 선물 세트,39200,5.0
뷰티케어,일리윤 [15% 즉시할인] 일리윤 보습 마스크팩 30매 모음 (한달 1일 1팩♥),9610,4.87
뷰티케어,[무궁화] 허니&율피 때비누,1050,4.91
뷰티케어,일리윤 울트라리페어 로션 528ml,14900,4.87
뷰티케어,니베아 올리브 핸드 크림 75ml,3500,4.82
뷰티케어,비욘드 [하나 더 증정]비욘드 클래식 핸드크림 100ml,12000,4.92
뷰티케어,LG생활건강 LG퓨어시카 바디로션 1L 화이트머스크향,12900,4.93
뷰티케어,카밀 핸드크림 미니 3종 세트,7700,4.71
뷰티케어,No Brand 노브랜드 안심쓱쓱 발각질면도기,3580,4.79
뷰티케어,레인보우샵 핸드크림젤 손세정제 60ml,5900,4.64
뷰티케어,[바세린] 헬씨핸드앤스트롱거네일 60ml,2700,4.77
뷰티케어,해피바스 비타민 C 히알루론 딥 클렌징 폼 500ml,10900,4.88
뷰티케어,일리윤 세라마이드 무향 핸드크림 50ml,6900,4.93
뷰티케어,아토팜 수딩 젤 로션 120ml,20000,4.94
등산용품,[하루온팩] 손난로핫팩 10입 (100g),6900,5.0
등산용품,[하루온팩] 파스형핫팩 10입 (50g),5900,5.0
등산용품,트렉스타 프리미엄 어코드 3단 초경량 등산스틱 2개 1세트 + 케이스 - 2021년형,30712,4.92
등산용품,[화롯불] 손난로핫팩 5입 (대형/중형),3900,4.9
등산용품,마이핫 보온대 160g x 50팩/2021년 최신 제조/대용량핫팩/군용핫팩/손난로,37890,3.86
등산용품,"도이터 몰타자켓(남)_2.5레이어 발수,투습 자켓",49000,4.88
등산용품,트렉스타  코브라 GT 900/시티화/최신형/경등산화/트레킹화/매장 정품 AS보장,79050,4.8
등산용품,트렉스타 프리미엄 예일로 4단 초경량 등산스틱 2개 1세트 + 케이스 - 2021년형,38632,5.0
등산용품,도이터 후투 플리스 자켓(여),39000,5.0
등산용품,캠프라인  젠트/남여공용트레킹화/등산화/릿지화 등산화/트레킹화,108000,5.0
등산용품,레키 보이저 등산 스틱,69000,4.8
등산용품,오스프리 스트라토스 등산 배낭 가방 36L OP71MBH008,160300,5.0
등산용품,1+1이벤트 겨울 등산바지/기모/아웃도어/남성 남자 빅사이즈 28~46/작업복/일자바지/원턱팬츠/단체복/벨트바지/골프바지,24900,4.75
등산용품,사츠 正品 미니 망원경 8배율 휴대용 쌍안경 야구 스포츠관람 뮤지컬 공연 등산 캠핑 레저,21560,5.0
등산용품,마운틴 이큅먼트 폴라장갑,6900,5.0
등산용품,[불곰팩] 손난로핫팩 5입 (특대형/중형),5900,4.5
등산용품,디스커버리(discovery) 디스커버리자켓 KQJ 테크 여성 플리스 하이넥 자켓 DWSS74061 CR,147810,5.0
등산용품,캠프라인  포스/남여공용고어텍스등산화/릿지화 등산화/트레킹화,188000,4.88
등산용품,[JAJU/자주]신세계인터내셔날 모던 피크닉매트_140x160cm_스트라이프,31920,4.87
등산용품,디스커버리(discovery) [디스커버리]패딩 KQJ 레스터G 여성 구스다운 롱패딩 DWDJ68061 BB,351120,5.0
등산용품,핫타임 발핫팩 휴대용 캠핑 등산 붙이는 2입 40개,24301,3.71
등산용품,네파[NEPA] [네파]지리산 공용 C-TR 아노락 다운 자켓 레인저룩_7HF2066,227920,5.0
등산용품,트렉스타레저타임 여성 트레킹화 경등산화 히트,37107,4.5
등산용품,디스커버리(discovery) 디스커버리조끼 KQJ 반슬리 (BARNSLEY) 다운 패딩베스트 DWDV64061 BK,163170,5.0
등산용품,마모트 파워스트레치 여성장갑BK,19000,5.0
등산용품,마이핫(MYHOT) 마이핫 보온대 160g (60개입),29000,4.71
등산용품,마이핫 보온대 160g x 100팩/2021년 최신 제조/대용량핫팩/군용핫팩/손난로,70003,5.0
등산용품,트렉스타  가볍고 튼튼한 미드컷 경등산화 / 파크,69000,5.0
등산용품,머렐 남성 워터 스포츠 캐주얼 반바지60%5219PH230 NC 순천_순천점,22190,4.87
등산용품,레드페이스_이마트 포스플렉스요꼬칼라티셔츠,29000,4.94
등산용품,비스비바 파쉬 커버형 2L 체크 페루 3종택1,16720,4.0
등산용품,핫타임 핫팩 파스형 휴대용 캠핑 등산 붙이는 30개,12555,5.0
등산용품,[화롯불] 파스형핫팩 10입 (40g),5900,5.0
등산용품,마운틴 이큅먼트 더블히트멀티프,15900,5.0
